time,temperature_2m_mean (Â°C),temperature_2m_max (Â°C),temperature_2m_min (Â°C),precipitation_sum (mm),rain_sum (mm),sunshine_duration (s),daylight_duration (s),wind_speed_10m_max (km/h),et0_fao_evapotranspiration (mm)
1/01/2022,21.5,24,20.6,8.6,8.6,32400,42205.74,8.8,2.56
2/01/2022,21.4,24.7,20.3,6.9,6.9,23567.48,42211.28,9.8,2.39
3/01/2022,21.2,23.7,20,19.9,19.9,22537.69,42217.31,9.5,2.12
4/01/2022,20.8,22.1,20.1,23.6,23.6,16032.03,42223.89,12.7,1.62
5/01/2022,20.8,22.3,19.9,12.5,12.5,12829.85,42231.03,11.8,1.73
6/01/2022,21.5,23.9,20.1,7.1,7.1,28933.61,42238.72,14.5,2.46
7/01/2022,21.6,24.9,18,3.5,3.5,38912.74,42246.93,10.2,3.57
8/01/2022,20.7,23.3,18.3,5.4,5.4,34753.6,42255.66,12.1,2.55
9/01/2022,21.1,23.7,19.3,6.1,6.1,25577.83,42264.88,13,2.66
10/01/2022,20.8,22.8,18.6,16.7,16.7,11216.94,42274.58,9.8,1.67
11/01/2022,21.4,24.7,18,6.1,6.1,36850.83,42284.73,8.7,3
12/01/2022,21.7,24.9,19,1.3,1.3,38808.49,42295.34,10.7,3.26
13/01/2022,21.9,26.4,17.8,1.2,1.2,38851.96,42306.36,10.9,3.58
14/01/2022,21.8,26.3,17.5,2.1,2.1,37127.53,42317.8,9.5,3.69
15/01/2022,21.7,26,17.2,1.6,1.6,38892.09,42329.63,10.8,4.07
16/01/2022,21,24.7,17.6,4.3,4.3,38747.68,42341.84,9.6,3.17
17/01/2022,21.6,24.6,19.7,6.2,6.2,33520.13,42354.4,11.7,3.1
18/01/2022,20.8,24,18.4,4.2,4.2,34534.18,42367.31,11.9,3.1
19/01/2022,21,23.8,19,3.4,3.4,36000,42380.55,14.6,3.05
20/01/2022,20.1,23.8,15.8,0.1,0.1,39073.52,42394.09,13.8,3.81
21/01/2022,19.8,25.3,13.7,0,0,39666.87,42407.93,14.1,4.79
22/01/2022,21.7,26,15.3,0,0,39580.83,42422.05,13.6,5.72
23/01/2022,22,26.8,16.2,0,0,39493.06,42436.43,9,5.42
24/01/2022,20.3,26.5,14.2,0,0,39760.86,42451.24,8.4,4.83
25/01/2022,20.4,25.3,14.4,0,0,38669.64,42466.5,9,4.47
26/01/2022,20.4,25,15.5,0,0,38666.37,42482.18,12.1,4.2
27/01/2022,20.3,24.2,15.8,0,0,38664.07,42498.28,14,3.99
28/01/2022,20.2,24.6,14.4,2.3,2.3,39126.52,42514.76,11.5,3.52
29/01/2022,22.5,26.2,20.4,4.3,4.3,33143.52,42531.6,7.4,3.46
30/01/2022,22.6,26.5,18.9,1.4,1.4,39410.68,42548.79,11.4,4.06
31/01/2022,21.6,23.4,20.1,8.7,8.7,21481.31,42566.28,9.7,2.15
1/02/2022,20.8,25.1,17.1,0,0,39899.74,42584.07,12.3,4.48
2/02/2022,20.1,25.6,14.4,0,0,40005.02,42602.14,10.4,4.66
3/02/2022,21.4,27.5,14.6,0.2,0.2,39721.11,42620.45,5.2,4.72
4/02/2022,22.5,27.4,16.1,0,0,40024.11,42639,7.4,4.87
5/02/2022,21.9,26.2,17.6,0,0,40142.44,42657.76,12.3,4.87
6/02/2022,20.4,24.9,15.6,0,0,38750.31,42676.7,9.9,4.74
7/02/2022,20.4,23.2,18,5,5,18673.12,42695.81,13.1,2.4
8/02/2022,20.4,24.4,17.4,0,0,31794.86,42715.07,11,4.06
9/02/2022,20.8,25.2,17.8,0,0,32955.41,42734.46,11.4,4.05
10/02/2022,21.3,26.2,17.3,10,10,35048.89,42753.95,6.5,3.68
11/02/2022,21.5,25.9,19.3,22.9,22.9,28391.92,42773.54,8.6,2.64
12/02/2022,21.7,24.5,20.4,14.5,14.5,19808.81,42793.2,8.8,2.44
13/02/2022,20.5,21.6,19.8,20.8,20.8,0,42813.11,10,1.03
14/02/2022,20.8,23.5,18.3,5.6,5.6,24999.32,42833.31,13.9,2.65
15/02/2022,20.5,23.9,16.5,0,0,39955.45,42853.8,15.8,3.88
16/02/2022,20.1,23.9,15.9,0,0,38801.05,42874.54,15.9,4.32
17/02/2022,20.3,25,16.1,0,0,39365.13,42895.51,11.5,4.63
18/02/2022,21.5,26.3,15.8,1.2,1.2,38834.34,42916.7,9.6,4.34
19/02/2022,21.7,24.2,19.8,4,4,18379.71,42938.08,8,2.42
20/02/2022,22.9,27.2,19.3,4.3,4.3,40145.87,42959.65,9.4,4.18
21/02/2022,22.7,27.2,18.8,0.2,0.2,40516.96,42981.36,13.2,4.67
22/02/2022,22.4,26.6,17.9,0,0,40541.53,43003.22,11.8,4.97
23/02/2022,21.2,26.3,16.5,4.1,4.1,36484.82,43025.2,10.5,4.01
24/02/2022,21.5,24.5,19.3,5.9,5.9,34373.82,43047.27,11.2,2.95
25/02/2022,21.1,24.9,18.7,2.2,2.2,38292.71,43069.43,11.7,3.16
26/02/2022,21.8,25.6,19.8,3.6,3.6,35568.88,43091.64,9.6,3.31
27/02/2022,21.9,24.9,19.6,2.6,2.6,40605.46,43113.91,14.4,4.13
28/02/2022,21.4,24.4,18.7,2,2,36000,43136.2,14.4,3.75
1/03/2022,21,24.7,18.1,3,3,34804.46,43158.5,14.8,3.27
2/03/2022,20.2,23.2,17.4,8.6,8.6,4981.35,43180.79,13,2.01
3/03/2022,21.1,23.9,19.5,5.1,5.1,30310.84,43203.06,15.7,2.98
4/03/2022,22,25.9,18.5,2.7,2.7,27882.37,43225.29,12.3,3.1
5/03/2022,22.4,26.3,18.6,0.7,0.7,40218.48,43247.64,14.9,4.36
6/03/2022,22.8,27,19.2,0.8,0.8,39184.8,43270.18,9.3,4.42
7/03/2022,22,27.1,18.5,4.2,4.2,39745.24,43292.87,7.6,3.84
8/03/2022,21.8,26,18.8,2.6,2.6,32764.23,43315.7,10.1,3.52
9/03/2022,22.3,26.6,18,0,0,40906.33,43338.66,10.7,5.09
10/03/2022,22.5,26.9,17.2,0.6,0.6,40762.43,43361.72,10.2,5.05
11/03/2022,22.2,26.7,18.9,1.2,1.2,39158.79,43384.89,13.1,4.39
12/03/2022,22,26.3,20,7.6,7.6,26566.62,43408.12,11.3,3.14
13/03/2022,22.4,25.9,19.9,3,3,37964.68,43431.42,12.7,3.92
14/03/2022,22.6,26.8,18.7,0.6,0.6,39132.72,43454.77,11.9,4.32
15/03/2022,22.8,27.3,18.7,0.1,0.1,33319.45,43478.15,8.1,4.23
16/03/2022,22.7,25.5,18.8,0,0,13836.53,43501.54,10.2,2.28
17/03/2022,23.5,27.6,20.3,0.7,0.7,25205.4,43524.93,9.5,3.28
18/03/2022,22.8,27.7,19.8,3.3,3.3,27206.57,43548.29,10.3,3.41
19/03/2022,22.5,27.4,18.4,2.1,2.1,40701.09,43571.63,6.6,3.83
20/03/2022,23.3,29.7,17.4,0,0,41169.79,43594.91,12,5.3
21/03/2022,23,29.3,16.9,0.3,0.3,41050.29,43618.13,8.7,5.23
22/03/2022,24.1,29.1,18.7,0.5,0.5,40743.64,43641.26,7.6,5.11
23/03/2022,23.2,27.7,19,3,3,39480.04,43664.3,7.6,3.9
24/03/2022,22.9,27.7,19.6,1.8,1.8,35893.17,43687.22,9.7,3.67
25/03/2022,22.5,28,17.6,1.4,1.4,40033.32,43710.19,7.3,4.32
26/03/2022,22.9,28.6,17.7,1.4,1.4,40436.98,43733.25,8.4,4.58
27/03/2022,23,28.7,16.6,2.4,2.4,40436.53,43756.38,9.2,4.74
28/03/2022,23.8,28.7,18.8,1.8,1.8,40436.08,43779.58,9.4,4.87
29/03/2022,23.5,28.7,18.6,1.1,1.1,40208.27,43802.81,7.6,4.91
30/03/2022,22.9,27.2,18.6,3.4,3.4,39203.69,43826.08,7.1,3.66
31/03/2022,22.9,28.6,18.4,2.8,2.8,40733.49,43849.37,8.8,4.74
1/04/2022,22.5,27.8,17.8,1.2,1.2,34965.55,43872.64,7.4,3.7
2/04/2022,22.4,28.1,18.4,2.4,2.4,27010.36,43895.91,8.5,3.25
3/04/2022,22.5,27.7,18.8,5.6,5.6,35777.1,43919.15,9.2,3.52
4/04/2022,22.3,26.9,18.4,6.3,6.3,30521.75,43942.33,7.5,3.43
5/04/2022,22.6,27.5,19.2,9.4,9.4,33691.62,43965.46,6.7,3.8
6/04/2022,21.9,26.4,19.2,27.5,27.5,21304.82,43988.5,10.3,2.88
7/04/2022,22.3,26.8,18.3,2.2,2.2,34616.55,44011.45,11.8,4.02
8/04/2022,22,25.9,18,18.3,18.3,18546.29,44034.29,8.3,2.77
9/04/2022,22.3,26.3,19.1,2.8,2.8,32773.37,44056.99,7.9,3.58
10/04/2022,22.1,26.6,18.1,8.3,8.3,27723.78,44079.55,5.1,3.2
11/04/2022,22.5,25.6,19.4,9.3,9.3,21513.22,44101.94,7,2.75
12/04/2022,22.8,26.7,20,21.8,21.8,25814.49,44124.16,7.4,2.91
13/04/2022,23,27.2,19.1,6.3,6.3,30641.08,44146.18,5.4,3.5
14/04/2022,22.7,27.8,19.1,10.2,10.2,23663.5,44168.15,5.6,3.62
15/04/2022,23,27.9,18.4,3.4,3.4,36068.57,44190.12,6.2,4.12
16/04/2022,23.7,28.5,19.5,1.6,1.6,40174.39,44212.08,7,4.27
17/04/2022,23.4,27.9,20.1,7.7,7.7,39178.73,44234,8,3.88
18/04/2022,23.2,28,19.4,1.8,1.8,36411.58,44255.88,7.8,4.42
19/04/2022,22.9,26.8,19,2.7,2.7,32634.13,44277.69,8,3.72
20/04/2022,23.7,28.6,19,0.9,0.9,40204.66,44299.42,9.5,4.74
21/04/2022,23.1,27.7,19.9,5.3,5.3,34827.32,44321.05,6.1,3.49
22/04/2022,22.5,26.7,19.3,21.7,21.7,25521.57,44342.57,6.7,2.94
23/04/2022,22.5,26.7,19.4,15.1,15.1,18126.14,44363.95,7.6,2.77
24/04/2022,23,27.8,19.4,2.3,2.3,34225.98,44385.19,10.5,4.27
25/04/2022,23.6,28.1,20.4,3,3,31712.33,44406.26,7.9,4.11
26/04/2022,23.1,27.4,18.8,5.3,5.3,33679.02,44427.14,5.8,3.85
27/04/2022,23.7,27.6,20.4,4.8,4.8,37599.43,44447.82,8.2,4.26
28/04/2022,22.7,28,19.2,37.8,37.8,22778.27,44468.28,7.7,3.13
29/04/2022,23.4,27.9,19.1,4.5,4.5,32648.9,44488.5,7.6,4.04
30/04/2022,23.5,28.4,19,1.8,1.8,40347.06,44508.46,9,4.57
1/05/2022,24,28.2,19.4,0.7,0.7,34810.5,44528.13,9.8,4.2
2/05/2022,24.3,29.6,19.3,0,0,40476.03,44547.51,12.4,5.11
3/05/2022,24.6,29.6,18.4,0,0,39119.92,44566.58,9.4,5.01
4/05/2022,24.2,28.8,19.6,0.8,0.8,39552.88,44585.46,7.3,4.59
5/05/2022,23.5,28.1,18.5,5.5,5.5,32222.8,44604.21,9.9,4.02
6/05/2022,24,28.9,18.9,0.6,0.6,39600,44622.81,11.4,4.75
7/05/2022,24.2,29.8,18.3,0,0,34098.52,44641.24,14.6,4.98
8/05/2022,24.7,31,18.3,0,0,34485.65,44659.48,14.1,4.73
9/05/2022,26.2,31.7,20.3,0.4,0.4,39600,44677.52,9.3,5.12
10/05/2022,26.5,31.1,22.6,6.4,6.4,39962.75,44695.34,8.8,4.58
11/05/2022,25.1,29.7,21,3.1,3.1,40354.26,44712.93,11.3,5.02
12/05/2022,25.3,30.2,20.3,0.4,0.4,40158.01,44730.26,9.3,4.86
13/05/2022,24.7,28.1,22.3,35.4,35.4,25537.98,44747.32,4.9,3.37
14/05/2022,24.9,28.5,22.8,16.2,16.2,19621.05,44764.09,5.2,3.06
15/05/2022,24.4,27.6,22.1,5.3,5.3,15225.56,44780.54,5.2,2.44
16/05/2022,25.2,28.9,21.1,0.7,0.7,39020.54,44796.68,8.4,4.16
17/05/2022,25.5,29,22.1,0.2,0.2,39273.6,44812.46,11.6,4.25
18/05/2022,25.5,29.3,22.4,0,0,39983.76,44827.88,11.2,4.69
19/05/2022,25.6,29.5,21.7,0.1,0.1,40065.56,44842.92,11.2,4.68
20/05/2022,24.8,29.1,19.9,2.6,2.6,40462.45,44857.55,7.9,4.54
21/05/2022,25,29,21.3,2.4,2.4,40362.63,44871.75,7.7,4.46
22/05/2022,25,30,20.5,0.8,0.8,40372.02,44885.52,10,4.72
23/05/2022,24.9,29.9,19.4,0.5,0.5,39854.2,44898.83,11.4,4.7
24/05/2022,24.6,27.9,21.5,29.9,29.9,27409.21,44911.79,5.4,3.42
25/05/2022,24.2,27.3,21.9,12.1,12.1,28928.74,44924.42,7.3,3.38
26/05/2022,24.1,27.9,20.1,5.4,5.4,38668.98,44936.71,6.6,3.97
27/05/2022,24,28.3,19.7,3.7,3.7,40473.44,44948.66,7.9,4.14
28/05/2022,25,28.9,20.7,1.7,1.7,38159.6,44960.25,6.4,4.33
29/05/2022,24.5,27.4,20.4,1.9,1.9,31057.49,44971.47,6.4,3.01
30/05/2022,24.8,28.3,21.4,3.3,3.3,32895.34,44982.3,6.8,3.73
31/05/2022,24.8,27.9,21.7,0.3,0.3,22888.58,44992.74,6.6,2.92
1/06/2022,24.6,28.1,21.4,3.3,3.3,38716.93,45002.77,10.4,3.93
2/06/2022,25.1,29.2,21.4,0.2,0.2,38246.38,45012.38,8.4,4.37
3/06/2022,25.4,29.8,21.5,0.7,0.7,38794.66,45021.56,7.9,4.33
4/06/2022,25.3,29.5,20,1.2,1.2,38111.73,45030.29,8.4,4.36
5/06/2022,25,28.6,21.3,2.9,2.9,38797.86,45038.55,6.8,4.27
6/06/2022,23.9,28.1,20.7,6.5,6.5,32868.2,45046.36,6.8,3.66
7/06/2022,24.4,28.8,20,0.3,0.3,28226.81,45053.68,7.6,3.4
8/06/2022,24.7,28.8,20.8,0.8,0.8,35773.71,45060.5,7.2,4.24
9/06/2022,24.6,28.8,20.8,2.1,2.1,32473.01,45066.82,7.3,3.82
10/06/2022,24.5,28.8,20.6,3.4,3.4,40734.14,45072.61,7.8,4.26
11/06/2022,24,28.9,19.2,3.2,3.2,38591,45077.88,7,4.07
12/06/2022,23.9,28.6,19.9,11.1,11.1,36395.79,45082.61,4.6,4.02
13/06/2022,23.9,29.6,19.5,1,1,40853.58,45086.83,9.4,4.44
14/06/2022,23.2,28.8,18.3,4.3,4.3,33971.62,45090.56,8.7,3.74
15/06/2022,23.3,27.7,20.1,4.6,4.6,30380.79,45093.79,9.3,3.27
16/06/2022,22.7,25.9,19.7,2.4,2.4,9763.72,45096.53,10,2.43
17/06/2022,22.8,25.9,21,10.8,10.8,18180.54,45098.79,5.3,2.63
18/06/2022,23,26.3,19.1,16,16,35380.27,45100.54,5.4,3.49
19/06/2022,22.6,26.7,18.9,20.8,20.8,29541.15,45101.8,5.1,3.2
20/06/2022,23.4,27.4,18.7,4.8,4.8,40404.34,45102.58,4.8,4.06
21/06/2022,23.5,27.8,19,13.9,13.9,38048.02,45102.86,8.9,3.91
22/06/2022,23.3,27.7,18.1,7.8,7.8,38917.34,45102.65,8.9,4.11
23/06/2022,23.2,27.9,18.5,5.9,5.9,33080.89,45101.95,8.7,3.99
24/06/2022,24.2,28.6,19.8,15.1,15.1,40403.92,45100.76,7.3,4.09
25/06/2022,25,28.7,20.9,2.6,2.6,40403.61,45099.09,10.2,4.44
26/06/2022,24.3,28.7,20.6,0,0,36676.85,45096.93,9.4,3.68
27/06/2022,23.9,29.5,20,0,0,41571.11,45094.29,12.2,4.95
28/06/2022,24.2,29,19.8,0.1,0.1,40880.5,45091.16,11.8,4.58
29/06/2022,24.7,29.7,20.6,4,4,40761.31,45087.55,10.9,4.58
30/06/2022,24.5,30.2,20.4,6,6,40881.7,45083.46,9,4.52
1/07/2022,24.7,30.2,19.6,0,0,40828.84,45078.91,13.5,5.02
2/07/2022,24.4,29.2,20.8,4.9,4.9,38546.15,45073.87,13.8,4.2
3/07/2022,24.9,29.5,21.3,7.7,7.7,39600,45068.31,10.1,4.1
4/07/2022,24.7,28.2,21.2,0,0,34222.34,45062.21,16.5,3.77
5/07/2022,24.6,27.9,21.9,0,0,29590.06,45055.59,17.4,3.42
6/07/2022,24.5,28.3,20.5,0,0,35190.61,45048.47,12.8,4.03
7/07/2022,24.8,28.6,22.1,0.3,0.3,25226.15,45040.85,10.9,3.45
8/07/2022,24.7,30,20.9,0.4,0.4,39964.48,45032.75,14.2,4.71
9/07/2022,24.5,28.2,20.9,0,0,37941.79,45024.18,15.6,4.23
10/07/2022,25.1,28.8,21.5,0.3,0.3,29044.33,45015.16,14.6,4.05
11/07/2022,24.4,26.5,22.6,2.2,2.2,4566.62,45005.7,11.4,2.37
12/07/2022,25.3,29.9,21.6,0,0,41611.75,44995.81,10.6,4.89
13/07/2022,25.4,29.2,22.7,0,0,40878.06,44985.5,18.8,5.55
14/07/2022,25.8,29.7,23.7,0,0,40999.34,44974.8,20.6,5.82
15/07/2022,26,30.6,22.4,0,0,40020.42,44963.71,15.8,5.29
16/07/2022,25.7,31.8,20.9,2.3,2.3,39652.71,44952.25,9.3,4.62
17/07/2022,24.9,30.6,20.8,0.3,0.3,36435.07,44940.43,9.2,4.39
18/07/2022,24,29,21.2,6.4,6.4,34446.62,44928.27,11.6,3.49
19/07/2022,24.1,30.2,20.1,4.6,4.6,36326.4,44915.77,8.4,4.31
20/07/2022,24,29.1,19.7,6.8,6.8,36228.68,44902.95,8.8,4.01
21/07/2022,23.8,29,20.2,8.1,8.1,27969.16,44889.82,8.4,3.47
22/07/2022,24,28.1,20.7,15.6,15.6,24997.62,44876.4,7.3,3.33
23/07/2022,24.7,29.1,20.8,1.4,1.4,39410.7,44862.57,8.5,3.83
24/07/2022,24.2,29,21,0,0,15628.42,44848.29,11.3,3.19
25/07/2022,24.2,30,19.4,5.2,5.2,35961.3,44833.61,14.9,4.75
26/07/2022,23.4,28.2,20.4,5.4,5.4,31814.8,44818.52,11.8,3.74
27/07/2022,22.7,25.8,20.4,5.6,5.6,20992.21,44803.05,11.8,2.44
28/07/2022,22.6,26.4,20.6,6.1,6.1,16673.99,44787.23,10.2,2.85
29/07/2022,22.6,25.2,19.9,6.9,6.9,0,44771.07,4.6,1.74
30/07/2022,22.5,27.4,18.5,3.1,3.1,19860.62,44754.59,8,3.22
31/07/2022,22.8,27.6,19,5.1,5.1,25545.38,44737.8,10.4,3.59
1/08/2022,23,26.6,20.1,28,28,27419.15,44720.74,7.3,2.94
2/08/2022,23.1,26,21,4.2,4.2,9444.65,44703.4,6.4,2.15
3/08/2022,23.5,26.2,21.3,2.4,2.4,5465.85,44685.82,5.7,2.09
4/08/2022,24.2,27,21.8,1.3,1.3,25233.42,44668.02,9.7,3.11
5/08/2022,24.2,27.9,21.1,0.3,0.3,38506.46,44650,11.8,4.19
6/08/2022,23.9,28.1,20.3,0,0,35064.12,44631.78,11.1,3.98
7/08/2022,23.8,28.1,20,0,0,38832.33,44613.39,13.4,4.78
8/08/2022,23.6,28,19.2,0,0,37925.51,44594.84,16,4.73
9/08/2022,24.1,29,19.4,0,0,40191.62,44576.15,10.3,5.08
10/08/2022,24.6,29.5,18.1,0,0,41495.93,44557.33,11,5.37
11/08/2022,24.4,29.5,20.1,0,0,41479.16,44538.38,14.4,5.37
12/08/2022,24.5,29.6,20.3,1.5,1.5,37441.85,44519.19,15.3,4.44
13/08/2022,24.3,30,19.2,0.4,0.4,40700.09,44499.7,15.9,4.97
14/08/2022,24.1,30.1,18.5,1.4,1.4,40250.71,44479.94,11.5,4.71
15/08/2022,23.6,28.7,18.9,2.7,2.7,39994.87,44459.93,9.2,4.12
16/08/2022,24.7,29.1,19.9,1.6,1.6,39699.79,44439.68,7.4,4.62
17/08/2022,24.4,29,19.7,2.5,2.5,40250.09,44419.22,7.2,4.27
18/08/2022,24.1,28.9,20.1,7.2,7.2,31798.2,44398.56,9.3,3.89
19/08/2022,24.7,29.5,20.9,1.9,1.9,40195.96,44377.71,7.6,4.51
20/08/2022,24.3,29.1,19.7,1.2,1.2,40035.34,44356.71,7.4,4.53
21/08/2022,24.5,29.6,19.9,1.5,1.5,32400,44335.55,5.6,4.54
22/08/2022,24.4,29.8,20.4,10.6,10.6,37986.52,44314.27,7.2,4.11
23/08/2022,24.9,30.1,19.7,1.1,1.1,36000,44292.88,8.7,4.77
24/08/2022,24.1,27.7,20.8,14.8,14.8,31550.02,44271.39,8.5,3.13
25/08/2022,24.4,29.9,20.4,1,1,38055.61,44249.82,8.2,4.52
26/08/2022,23.4,28.7,19.6,2.6,2.6,21000.39,44228.19,8.7,3.13
27/08/2022,24,28.4,20.7,10.1,10.1,28868.33,44206.5,5.4,3.69
28/08/2022,24.3,29.5,20.5,0.7,0.7,37576.43,44184.79,8.7,4.67
29/08/2022,23.5,28.2,19.5,9.4,9.4,38332.32,44163.06,8.4,4.28
30/08/2022,22.8,28.3,20,36.5,36.5,27934.58,44141.32,9.5,3.34
31/08/2022,22.2,24.4,20.6,23.8,23.8,7652.36,44119.59,6.3,1.88
1/09/2022,22.8,26.2,20.3,4.7,4.7,13368.01,44097.73,4.8,2.54
2/09/2022,23.3,27.7,19.9,1.9,1.9,36628.55,44075.69,5.8,4.02
3/09/2022,23,27.1,19.9,17.6,17.6,29115.98,44053.49,6.9,3.49
4/09/2022,23,27.4,19.9,14.9,14.9,35277.45,44031.15,8.3,3.53
5/09/2022,22.9,26.4,20.2,30.6,30.6,31522.14,44008.68,4.8,3.45
6/09/2022,23.2,25.9,20.5,1.5,1.5,6182.56,43986.1,7.1,2.28
7/09/2022,24.7,28.6,20.6,0.8,0.8,32871.76,43963.42,13,4.33
8/09/2022,23.8,29,19.8,0,0,39600,43940.66,11.3,4.91
9/09/2022,23.9,28.9,20,0,0,39600,43917.85,12.4,5.01
10/09/2022,24,29.7,19.5,0,0,39949.88,43894.97,12.5,5.16
11/09/2022,23.8,29.6,18.9,0,0,39868.35,43872.07,9.7,5.06
12/09/2022,23.3,29.1,18.1,0.4,0.4,39789.73,43849.15,8.6,5.05
13/09/2022,23.5,28.8,17.9,1,1,39298.58,43826.22,8,4.9
14/09/2022,23.8,28.6,18.6,0.1,0.1,39767.73,43803.29,7.9,4.92
15/09/2022,23.3,28.3,18.2,1.9,1.9,39600,43780.39,7.9,4.72
16/09/2022,23.5,28.8,18,0.1,0.1,39600,43757.53,9.6,5.03
17/09/2022,24.3,29.3,18.6,0,0,39915.63,43734.71,8.5,5.3
18/09/2022,23.9,29.5,18.1,0.4,0.4,39600,43711.96,9.2,5.02
19/09/2022,24.1,29.3,18.6,0.8,0.8,39600,43689.3,7.9,4.73
20/09/2022,24.5,29.5,19.5,0.8,0.8,38751.85,43666.71,7.2,4.6
21/09/2022,23.9,29.3,19.3,4.3,4.3,39787.69,43644.07,8.5,5.08
22/09/2022,24,29.2,18.8,2.5,2.5,39286.14,43621.32,6.6,4.46
23/09/2022,24,29.5,18.9,0.6,0.6,39600,43598.49,6.6,4.75
24/09/2022,24.1,30.5,18.5,0.7,0.7,39600,43575.59,9.9,5.19
25/09/2022,23.5,30.3,16.4,10.2,10.2,39864.75,43552.64,12.8,5
26/09/2022,23.7,28.4,20.4,27.1,27.1,27634.51,43529.65,7.7,3.39
27/09/2022,23.4,29.5,17.8,0.3,0.3,39865.66,43506.63,7.9,4.79
28/09/2022,23.5,28.5,18.6,6.4,6.4,37697.09,43483.61,8.4,4.41
29/09/2022,23.6,29.8,17.9,4.8,4.8,39940.29,43460.59,6.9,4.68
30/09/2022,24.8,30.6,19.4,0,0,38462.64,43437.59,9,5.1
1/10/2022,25,29.7,21.7,0.8,0.8,35636.7,43414.63,12,4.16
2/10/2022,24.7,29.3,21.2,2.9,2.9,34375.44,43391.72,14,3.89
3/10/2022,25.2,29.9,22,1.3,1.3,37262,43368.88,9.7,4.21
4/10/2022,25.1,30.5,20.2,0,0,39600,43346.12,13.3,4.92
5/10/2022,24,29.7,20.2,4.3,4.3,32359.84,43323.46,7.3,4.17
6/10/2022,24.3,28.8,20.6,1.3,1.3,21257.53,43300.91,5.8,3.29
7/10/2022,23.8,29.7,17.7,0.8,0.8,39533.77,43278.49,10.4,4.52
8/10/2022,23,29.5,18.6,2.3,2.3,32978.42,43256.21,12.6,4.15
9/10/2022,23,28.8,18.2,14.7,14.7,33797.49,43234.1,10,4.21
10/10/2022,23.2,27.9,20.2,38.4,38.4,37231.44,43212.15,4.7,3.91
11/10/2022,22.6,27,19.6,15.1,15.1,33859.27,43190.21,6.1,3.6
12/10/2022,22.2,26.6,18.4,20,20,36994.71,43168.24,9.8,3.55
13/10/2022,22.2,26.4,19.2,12.9,12.9,24032.2,43146.25,6.6,3.02
14/10/2022,22.5,26.5,19.4,23.9,23.9,24465.25,43124.27,6,3.16
15/10/2022,22.2,25.3,20,19.7,19.7,15554.51,43102.3,5.5,2.29
16/10/2022,22.2,26,19,14.4,14.4,23439.95,43080.36,7.9,2.88
17/10/2022,22.2,25.5,19.4,23.9,23.9,18000,43058.48,5.9,2.31
18/10/2022,22.7,26.5,19.1,12.8,12.8,27468.96,43036.66,7.3,3.25
19/10/2022,23.3,28.3,20.7,5.3,5.3,23363.04,43014.94,12.1,3.47
20/10/2022,23.2,26.2,20.3,6.3,6.3,19901.78,42993.32,10.5,2.78
21/10/2022,22.1,25,20.8,12.5,12.5,1672.85,42971.82,8.7,1.67
22/10/2022,22.2,26,19.3,2.6,2.6,34518.28,42950.46,13.1,2.97
23/10/2022,22.5,26.7,19.1,5.2,5.2,34975.98,42929.27,9.8,3.98
24/10/2022,22,26.3,18.7,7.9,7.9,22135.52,42908.25,9.2,3.01
25/10/2022,22.3,26.4,18.7,4.3,4.3,28800,42887.43,7.3,3.38
26/10/2022,22,25.9,19.7,4.9,4.9,14823.15,42866.83,8.4,2.74
27/10/2022,21.7,25.5,17.8,2.3,2.3,34552.05,42846.46,12.6,3.85
28/10/2022,22,25.5,18,0.1,0.1,39928.19,42826.34,13,4.37
29/10/2022,21.9,27.2,17.4,0.1,0.1,39834.65,42806.51,10.4,4.76
30/10/2022,21.6,24.8,19.2,10.1,10.1,15279.65,42786.96,10.2,2.17
31/10/2022,22.3,26.4,19.6,9.6,9.6,25200,42767.53,10.8,3.02
1/11/2022,22.2,25.3,19.6,24.4,24.4,23689.57,42748.17,9.1,2.74
2/11/2022,22.1,25.7,19.6,28.7,28.7,25418.68,42728.91,5.5,3.12
3/11/2022,21.9,25.8,18.4,21.7,21.7,25326.19,42709.75,7.1,2.96
4/11/2022,21.9,26,19.1,20.3,20.3,22878.31,42690.73,5.1,2.7
5/11/2022,21.5,24.7,19.9,31.8,31.8,10932.76,42671.86,5.5,1.71
6/11/2022,21.7,24.9,18.5,3.7,3.7,24842.05,42653.15,9.2,2.92
7/11/2022,20.8,24.3,17.2,16.1,16.1,24422.34,42634.64,9.4,2.76
8/11/2022,21.4,23.5,20.2,7.6,7.6,6967.73,42616.34,10.3,1.87
9/11/2022,21.3,24.1,19.8,12.6,12.6,2689.03,42598.27,11.4,1.86
10/11/2022,21.3,24.7,19,0.7,0.7,35685.1,42580.46,13.2,3.06
11/11/2022,22.1,26.8,17.9,11.6,11.6,39203.32,42562.92,7.4,4.2
12/11/2022,21.8,25.9,18.3,28.6,28.6,26993.42,42545.67,7.2,2.85
13/11/2022,21.9,24.7,20.1,9,9,15775.43,42528.74,9,2.18
14/11/2022,21.5,24.4,19.3,11.3,11.3,16147.49,42512.14,6.3,2.31
15/11/2022,21.6,24.3,19.5,2.6,2.6,24937.69,42495.91,10.2,2.4
16/11/2022,21.5,24.7,19,2.8,2.8,35163.78,42480.07,14,2.87
17/11/2022,20.9,25.3,17.7,0,0,39196.08,42464.62,14.9,4.13
18/11/2022,20.1,24.1,15.4,0,0,26480.12,42449.62,15.3,3.27
19/11/2022,20.5,23,18.5,0.5,0.5,5697.62,42435.05,17.6,1.49
20/11/2022,21.6,25,18.2,0.9,0.9,33207.95,42420.79,11.6,3.35
21/11/2022,21.6,26.5,16.4,0.3,0.3,39400.39,42406.77,10.4,4.28
22/11/2022,21.9,26.5,17,0.8,0.8,39296.99,42393.02,10.2,3.94
23/11/2022,21.5,28,15.6,1.1,1.1,39305.43,42379.57,12.3,4.07
24/11/2022,21.9,28.6,15.6,0.4,0.4,39237.45,42366.41,11.1,4.16
25/11/2022,21.9,26,17.7,0.8,0.8,39324.74,42353.58,10.1,4.05
26/11/2022,22.1,26.2,17.9,1.3,1.3,39259.23,42341.09,8.8,3.99
27/11/2022,21.7,25.8,17.4,6.2,6.2,36031.11,42328.95,9.4,3.59
28/11/2022,22.6,26.6,19.7,1.2,1.2,37022.13,42317.18,11.9,3.81
29/11/2022,21.8,26,18.6,2.3,2.3,37683.02,42305.81,13.4,3.86
30/11/2022,22,26.9,17.4,0.1,0.1,39313.95,42294.84,8.4,4.31
1/12/2022,21.6,26.1,17.8,3.2,3.2,39329.72,42284.3,8.4,3.69
2/12/2022,21.4,25.4,18.4,10.1,10.1,23823.35,42274.21,11.1,2.64
3/12/2022,21.1,24.5,18.7,11.8,11.8,28196.91,42264.57,10.1,2.47
4/12/2022,21.1,25.5,17.9,39.3,39.3,24170.46,42255.42,8.7,2.62
5/12/2022,21.2,25.1,18.4,7.4,7.4,35070.05,42246.77,10.9,2.96
6/12/2022,21.1,23.3,18.5,0.9,0.9,8929.53,42238.62,12.1,2.15
7/12/2022,21,24.2,19.1,0.1,0.1,2291.79,42231.02,15,1.79
8/12/2022,21.5,23,19.2,1.5,1.5,2.3,42223.96,25.5,3.48
9/12/2022,20.7,25.1,17.2,0.1,0.1,18563.98,42217.48,12.3,2.65
10/12/2022,22,26.5,17.2,3.1,3.1,37244.52,42211.48,7.6,3.5
11/12/2022,21.9,25.8,17.5,3,3,23740.72,42205.95,6.7,2.86
12/12/2022,20.6,25.8,15.2,2.8,2.8,35180.23,42200.89,6.3,3.23
13/12/2022,20.9,25.7,15.5,0.5,0.5,39570.1,42196.3,7.6,3.87
14/12/2022,21.4,25.4,18.1,7.4,7.4,34313.23,42192.19,8.7,3.3
15/12/2022,21.1,24.7,17,1.4,1.4,39325.33,42188.56,10.9,3.55
16/12/2022,20.2,23.9,16.7,2.6,2.6,33211.4,42185.42,10.2,2.75
17/12/2022,20.4,23.3,19.3,15.1,15.1,17048.38,42182.77,15,2.07
18/12/2022,20.1,21.5,19.3,27.6,27.6,7146.92,42180.61,14.4,1.18
19/12/2022,20.7,22.3,19.7,34.8,34.8,0,42178.95,6.8,1.14
20/12/2022,21.2,23.2,20.4,10.1,10.1,17341.6,42177.79,14.3,1.95
21/12/2022,21.1,23.1,20,6.4,6.4,17334.92,42177.12,12.9,1.94
22/12/2022,21.1,23.8,19.4,2.5,2.5,33112.45,42176.97,15.3,2.53
23/12/2022,21.4,24.9,18.9,1.2,1.2,39282.48,42177.32,14.4,3.24
24/12/2022,21.3,24.8,17.8,2.6,2.6,33707.22,42178.19,16.9,2.42
25/12/2022,21.7,23.9,20.2,32.8,32.8,6141.82,42179.57,11.2,1.48
26/12/2022,22.5,26.1,19.7,1.7,1.7,39195.75,42181.46,18.5,3.49
27/12/2022,21.6,26.3,16.7,1.9,1.9,39168.49,42183.87,10.8,3.8
28/12/2022,21.2,24.6,17.2,5.2,5.2,35118.2,42186.8,9.5,2.85
29/12/2022,21.5,25.5,17.3,0.3,0.3,39116.97,42190.27,11.4,3.98
30/12/2022,20,24.1,15.9,0.2,0.2,39123.85,42194.29,12.6,3.62
31/12/2022,19.2,23.9,14.6,0,0,34208.4,42198.88,11.6,3.42
1/01/2023,19.5,23.5,14.3,0.4,0.4,39072.23,42204.02,12.5,3.71
2/01/2023,19.8,23.8,15.9,2.3,2.3,39019.47,42209.7,13.3,3.31
3/01/2023,19.5,22.9,15.3,5.4,5.4,38995.81,42215.91,14.1,3.2
4/01/2023,20.1,23.9,15.7,2.2,2.2,38972.57,42222.63,13.7,3.37
5/01/2023,20.7,24.2,17.2,4.6,4.6,32858.97,42229.85,12.6,2.88
6/01/2023,21,24.2,19.5,12.6,12.6,34946.58,42237.56,10.5,2.4
7/01/2023,21,23.7,19.7,22.9,22.9,33646.86,42245.74,10.2,2.23
8/01/2023,20.5,22.7,19.3,11.4,11.4,32400,42254.38,11.6,2.3
9/01/2023,20.4,23.3,18.6,7,7,32882.32,42263.46,13,2.71
10/01/2023,19.4,22.6,17.4,0.4,0.4,34652.55,42272.98,12.7,2.94
11/01/2023,18.7,23.5,14.9,0,0,38963.48,42282.9,11.4,3.94
12/01/2023,18.7,23.6,14.4,0.3,0.3,39161.83,42293.24,11.1,4.03
13/01/2023,19.3,25,13.5,0.4,0.4,38852.42,42303.96,12.3,4.07
14/01/2023,20.1,24.1,15.6,0.6,0.6,38984.88,42315.06,11.2,4
15/01/2023,21.2,24.4,18.4,2,2,34362.2,42326.52,9.3,3.23
16/01/2023,21.1,24.5,19.1,6.6,6.6,27146.12,42338.33,8.3,2.59
17/01/2023,21.2,24.1,19.3,3.6,3.6,13707.84,42350.48,9.1,2.32
18/01/2023,20.9,24.7,18.7,4.6,4.6,37703.67,42362.95,14.5,3.38
19/01/2023,19.5,23.1,16.4,2.6,2.6,39333.98,42375.88,17.6,3.47
20/01/2023,19.7,24.1,15.3,1,1,32519.88,42389.31,11.5,3.34
21/01/2023,19.5,21,18.6,27.4,27.4,2026.72,42403.21,11.6,1.23
22/01/2023,20,21.6,18.6,23,23,3947.57,42417.55,13.3,1.28
23/01/2023,21.6,24.9,19.6,7.3,7.3,33944.39,42432.32,10,3.24
24/01/2023,21.4,24.7,19.6,14.3,14.3,34946.38,42447.48,9.2,2.81
25/01/2023,20.5,23.7,17.7,2,2,38866.94,42463.04,12.4,3.37
26/01/2023,20.7,24.4,17.1,6.2,6.2,37283.31,42478.94,10.7,3.45
27/01/2023,20.3,23.5,17.9,4.2,4.2,21880.32,42495.18,11.9,2.23
28/01/2023,20.3,23.5,18.1,4.1,4.1,27423.74,42511.73,13.7,2.69
29/01/2023,18.9,23.9,13.5,1.3,1.3,37280.26,42528.59,11.4,3.26
30/01/2023,20.5,24.5,15.5,5.1,5.1,37174.82,42545.7,11.3,3.2
31/01/2023,20.6,22.2,18.9,12.7,12.7,988.25,42563.07,14.8,1.18
1/02/2023,22,25,19.5,2.9,2.9,35813.38,42580.68,20.1,3.13
2/02/2023,21.7,24.8,19.1,7.8,7.8,24214.1,42598.49,17.1,2.43
3/02/2023,21.8,24.7,20.6,8.9,8.9,14381.72,42616.49,10.8,2.12
4/02/2023,21.4,25,18.4,9.3,9.3,35286.68,42634.66,10,3.02
5/02/2023,21.8,25.4,19.9,7.3,7.3,34985,42652.98,12.9,3.54
6/02/2023,20.9,22.7,19.7,10.7,10.7,5879.22,42671.45,11.3,1.49
7/02/2023,21.6,24.1,20.1,5.9,5.9,26863.73,42690.02,9.2,2.33
8/02/2023,21.8,25.3,18.4,1.6,1.6,37781.03,42708.89,14.4,3.94
9/02/2023,21.1,25.7,16.7,1,1,39771.45,42728.09,9.6,4.35
10/02/2023,20.9,25,16.2,0.9,0.9,39478.55,42747.61,12.7,4.11
11/02/2023,21,25.1,17.7,1.3,1.3,29240.01,42767.42,10.7,3.26
12/02/2023,21.3,24.9,18.8,0.4,0.4,38221.51,42787.5,14.3,3.45
13/02/2023,21.1,25.7,17.1,0,0,39821.75,42807.84,12,4.69
14/02/2023,20.4,25.2,15,0.2,0.2,40342.41,42828.4,13.4,4.61
15/02/2023,19.4,24,14.3,0,0,40366.41,42849.17,11.8,4.69
16/02/2023,19.9,24.6,14.9,0,0,40177.24,42870.14,12.1,4.61
17/02/2023,20.8,25.5,15,1.5,1.5,39676.28,42891.27,11.9,4.11
18/02/2023,21.4,24.7,18.9,5.1,5.1,38405.99,42912.55,11.9,3.47
19/02/2023,21.4,23.7,20.3,46.8,46.8,18622.69,42933.96,8.4,2.19
20/02/2023,21.4,23.9,20.3,16.6,16.6,9855.11,42955.48,6.9,1.78
21/02/2023,21.6,24.4,19.2,7,7,31130.73,42977.08,11.9,3.03
22/02/2023,21.2,25.6,17.3,3.3,3.3,38027.81,42998.77,9.7,3.89
23/02/2023,21.5,25.1,18.1,3.1,3.1,39365.55,43020.5,11.2,3.87
24/02/2023,21.5,24.6,17.4,3,3,39280.06,43042.27,12.6,3.42
25/02/2023,21.8,25.1,20.1,5.6,5.6,32563.52,43064.05,13.7,3.29
26/02/2023,20.2,24.5,17.1,0.6,0.6,40634.11,43085.83,13,4.4
27/02/2023,20.2,24,15.6,15.3,15.3,36442.83,43107.59,11.3,3.51
28/02/2023,20.9,23.1,19.9,24.6,24.6,5210.54,43129.51,8.5,1.66
1/03/2023,21.4,24.3,19.6,11.1,11.1,27834.72,43151.64,10,2.61
2/03/2023,21.4,25.2,18.5,0.9,0.9,35215.25,43173.94,11.7,3.87
3/03/2023,21.1,24,18.9,5.1,5.1,28130.63,43196.42,9.8,2.65
4/03/2023,21.3,24,19.8,13.1,13.1,24875.66,43219.04,9.8,2.24
5/03/2023,21.4,23.8,18.2,3.5,3.5,25459.68,43241.8,11,2.67
6/03/2023,21.4,26.2,17.6,6,6,34843.77,43264.68,10.9,3.94
7/03/2023,21.8,25.7,18.8,4.5,4.5,34276.71,43287.65,12.4,3.97
8/03/2023,21.4,24.2,18.9,5.1,5.1,34061.84,43310.71,12.1,3.26
9/03/2023,22,25.7,19.3,5,5,39274.89,43333.84,10.8,3.84
10/03/2023,21.8,24.2,20.3,3.5,3.5,7673.57,43357.01,7.4,2.24
11/03/2023,21.5,25.8,18.6,13.9,13.9,24306.55,43380.22,10,3.14
12/03/2023,21.7,24.8,19.8,9.7,9.7,26033.78,43403.45,9.8,2.6
13/03/2023,21.7,24.6,19.6,7.8,7.8,18784.21,43426.67,8.2,2.59
14/03/2023,22.2,26.1,18.6,1.8,1.8,32426.58,43449.88,8.4,3.62
15/03/2023,22.3,27.4,18.1,1.3,1.3,36291.64,43473.07,6.5,4.13
16/03/2023,21.7,26.3,18.1,5.1,5.1,28570.52,43496.2,7.1,3.29
17/03/2023,22.4,27.4,18,0.4,0.4,40330.06,43519.26,8.3,4.63
18/03/2023,22.5,27.2,18.5,1.5,1.5,34838.66,43542.25,6.9,4.11
19/03/2023,22.5,27.7,17.7,2.2,2.2,29412.12,43565.14,6.6,3.75
20/03/2023,22.2,25.4,19.5,17.5,17.5,31270.49,43588.09,5.9,3.25
21/03/2023,22.5,28.2,18.4,1.7,1.7,35181.15,43611.16,6.6,4.14
22/03/2023,22.8,28,18.9,0.7,0.7,40439.11,43634.33,9.8,4.07
23/03/2023,22.2,27,17.9,4,4,30479.91,43657.57,7.6,3.38
24/03/2023,23.2,28.3,18.3,0.2,0.2,40134.06,43680.88,7.1,5.16
25/03/2023,23.2,28,17.9,0.3,0.3,40639.7,43704.24,8.3,4.92
26/03/2023,23.3,27.8,18.3,0.8,0.8,40437.01,43727.64,7.6,5.03
27/03/2023,22.8,27.9,17.1,0,0,41140.47,43751.05,10.2,4.97
28/03/2023,22.9,28.1,17.7,0,0,41037.8,43774.47,10.1,5.22
29/03/2023,23.2,28,18.7,0,0,41035.7,43797.88,10.3,5.32
30/03/2023,22.7,27.8,18.1,0.4,0.4,40135.61,43821.26,8.4,5.15
31/03/2023,23.4,29,17.6,0,0,40932.06,43844.61,8,5.5
1/04/2023,23,27.5,17,2.3,2.3,39739.18,43867.89,7.3,4.79
2/04/2023,22.3,27.1,18.5,11.8,11.8,30962.1,43891.1,6.7,3.58
3/04/2023,23,28.2,18.3,0.9,0.9,40038.08,43914.22,9.8,5.03
4/04/2023,21.9,26.5,17.9,9.6,9.6,33589.44,43937.23,7.4,3.23
5/04/2023,22.7,28.4,18.2,6.6,6.6,36974.11,43960.12,7.2,4.63
6/04/2023,22.6,27.7,16.9,1.3,1.3,40137.84,43982.88,7.4,4.82
7/04/2023,22.1,26.5,18,1.9,1.9,40164.63,44005.47,9.1,4.62
8/04/2023,21.8,26.7,17.4,7.2,7.2,37803.81,44027.89,9.9,3.75
9/04/2023,22.3,27.1,18.1,2.1,2.1,39412.65,44050.3,9.4,4.42
10/04/2023,22.1,26.3,18.2,5.3,5.3,40647.48,44072.74,9.4,4.07
11/04/2023,22.5,27.6,17.6,0,0,41033.66,44095.19,10.5,5.01
12/04/2023,22.9,28,17.6,0.5,0.5,40059.96,44117.62,9.7,5.03
13/04/2023,23.6,28.8,18.4,0.8,0.8,40639.22,44140.05,8.2,5.1
14/04/2023,23.7,28.8,18.9,0.7,0.7,40462.38,44162.43,7,5.23
15/04/2023,23.7,29,18.3,0.8,0.8,40237.84,44184.77,6,5.36
16/04/2023,23.9,29,18.1,0.6,0.6,40238.12,44207.03,7.4,5.24
17/04/2023,24.3,29.6,18.4,0,0,40718.89,44229.21,8.8,5.47
18/04/2023,24.4,29.1,18.8,0.1,0.1,40720.2,44251.29,6.8,5.23
19/04/2023,24.5,29.5,20,0.1,0.1,40623.02,44273.24,7.3,5.28
20/04/2023,24.1,29.2,18.2,1.2,1.2,40367.61,44295.07,6.9,4.8
21/04/2023,23.5,29.1,18.9,10.9,10.9,32956.25,44316.73,8.6,3.94
22/04/2023,23.4,28.1,19.7,11.7,11.7,28249.43,44338.24,7.9,3.41
23/04/2023,23.8,29.1,19.7,1.9,1.9,36898.57,44359.55,8.1,3.98
24/04/2023,23.7,28.6,20.2,3.1,3.1,32365.27,44380.65,10.2,3.84
25/04/2023,23,27.8,19.5,3.5,3.5,29769.97,44401.52,6.4,3.54
26/04/2023,22.9,26.7,20.1,10.1,10.1,29218.76,44422.15,9,3.39
27/04/2023,23.4,27.4,20,1.4,1.4,34596.63,44442.51,9.9,3.91
28/04/2023,23.3,27.1,19.9,7.7,7.7,34392.71,44462.6,9.7,3.67
29/04/2023,22.7,25.4,20.8,24.3,24.3,15717.71,44482.54,6.6,2.28
30/04/2023,23.4,28.4,19.3,2.5,2.5,27845.34,44502.39,11.2,3.7
1/05/2023,23.5,27.8,20.9,9.6,9.6,30410.93,44522.14,7.9,3.54
2/05/2023,23.5,27.2,20.7,21.2,21.2,20783.58,44541.75,6.3,2.71
3/05/2023,23.3,27.3,21.1,27.2,27.2,22300.25,44561.21,5.2,3.07
4/05/2023,23.2,27.4,20.1,17.3,17.3,28800,44580.52,10.5,3.62
5/05/2023,22.8,25.5,21.2,2.4,2.4,0,44599.64,5,1.53
6/05/2023,23.2,27.7,20.2,1.4,1.4,16307.12,44618.57,6.1,3.2
7/05/2023,23.2,25.9,20.4,0.1,0.1,4795.89,44637.29,10.1,1.86
8/05/2023,23.4,27.9,20,2,2,26855.86,44655.77,10.9,3.36
9/05/2023,23.1,26.5,20,5.9,5.9,15427.96,44674,7.7,2.34
10/05/2023,23.8,28.1,20.2,1.2,1.2,28770.75,44691.96,7.4,3.63
11/05/2023,25.1,29.4,19.8,1.3,1.3,37891.62,44709.64,10.2,4.69
12/05/2023,25.8,30.5,20.9,1,1,39081.12,44727.01,5.1,4.68
13/05/2023,25.8,30.5,21.3,0.1,0.1,39927.34,44744.05,9.8,4.81
14/05/2023,26.4,31.1,21.2,0.4,0.4,36605.64,44760.75,10.2,4.77
15/05/2023,25.2,30.7,20.5,0,0,39707.19,44777.07,9.9,5.11
16/05/2023,25.2,30.1,18,0.3,0.3,40246.05,44793.02,6.3,5.29
17/05/2023,25,30.8,19.2,0.4,0.4,40170.94,44808.55,6.7,5.06
18/05/2023,24.1,29.2,19.8,2.5,2.5,35936.38,44823.67,9,3.95
19/05/2023,24,28.7,19.4,0.4,0.4,39970.38,44838.48,6.5,4.73
20/05/2023,24.1,28.5,19.6,0.2,0.2,40235.43,44853.02,10.5,4.57
21/05/2023,24,28.9,20,2,2,40336.62,44867.27,7.6,4.04
22/05/2023,23.6,29,18.5,3.7,3.7,40451.74,44881.22,4.8,4.13
23/05/2023,23.1,28.1,18.6,3.9,3.9,37690.32,44894.86,7.2,4.24
24/05/2023,23.9,28.7,18.9,1.3,1.3,40323.76,44908.17,5.9,4.85
25/05/2023,24.2,29.6,18.1,0,0,40941.36,44921.14,8,5.07
26/05/2023,24.4,30.6,18.5,0.3,0.3,41062.47,44933.75,9.9,5.17
27/05/2023,24.6,30.5,18.9,0,0,40650.11,44946,11.6,5.07
28/05/2023,25.1,30.6,19.7,0.1,0.1,40547.11,44957.85,10.2,5.1
29/05/2023,24.5,29.9,19.8,3.4,3.4,40199.56,44969.3,7,4.32
30/05/2023,24.5,28.9,20.4,0.6,0.6,39162.6,44980.35,6.5,4.48
31/05/2023,24.4,29,20,0.8,0.8,40549.6,44990.96,9.4,4.36
1/06/2023,24.9,30,19.9,1.6,1.6,40601.63,45001.12,7.2,4.94
2/06/2023,25.2,30.6,20.1,0.6,0.6,36942.93,45010.83,10.8,4.77
3/06/2023,25.3,30.9,20.1,5.3,5.3,37506.93,45020.06,8.2,4.51
4/06/2023,25.4,30.1,21.2,3.8,3.8,40500.79,45028.8,10,4.71
5/06/2023,24.9,29.8,18.9,0.7,0.7,40986.59,45037.04,7.2,4.58
6/06/2023,25.3,30.4,20.8,1.7,1.7,39722.51,45044.75,8.9,4.66
7/06/2023,25.7,31,21.2,6.1,6.1,33239.14,45051.95,6.3,4.19
8/06/2023,26.1,30.7,21.5,1.8,1.8,40727.71,45058.66,6.8,4.77
9/06/2023,25.5,31,20.7,1.8,1.8,40730.26,45064.91,6.8,4.94
10/06/2023,26,31.2,20.7,0.8,0.8,39879.21,45070.71,7.4,4.81
11/06/2023,25.3,31.1,19.9,2.4,2.4,40466.66,45076.04,8.1,4.64
12/06/2023,25.1,31,20.3,13.5,13.5,40382.81,45080.9,6.6,4.44
13/06/2023,24.9,30.4,20.6,12.4,12.4,37297.63,45085.3,5.4,4.02
14/06/2023,25.3,30,20.8,8.7,8.7,33519.91,45089.21,6.8,4.21
15/06/2023,25.5,30.3,20.9,0.6,0.6,34706.56,45092.65,11.4,4.42
16/06/2023,25.8,31.2,21.1,0.8,0.8,40746.43,45095.61,9.1,4.8
17/06/2023,25.1,30.3,20.8,0,0,26252,45098.08,6.4,3.83
18/06/2023,24.5,28.4,20.3,8.4,8.4,39299.14,45100.06,7.4,3.79
19/06/2023,25.2,30,20.1,0.4,0.4,35806.95,45101.55,7.8,4.43
20/06/2023,25.1,29.4,20.4,2.7,2.7,40456.89,45102.56,7.1,4.48
21/06/2023,25,29.9,21.2,5.5,5.5,34637.61,45103.06,9.6,4.03
22/06/2023,25.2,29,21.3,1.3,1.3,39935.46,45103.07,4.7,3.86
23/06/2023,24.7,30,19.8,3.4,3.4,37287.35,45102.57,6.1,4.36
24/06/2023,24.8,30.1,20.2,7.8,7.8,41052.61,45101.58,7.9,4.67
25/06/2023,24.4,29.7,19.3,2.5,2.5,37481.82,45100.09,9.8,4.09
26/06/2023,24.7,28.5,21.5,10,10,39600,45098.08,8.2,4
27/06/2023,25.2,28.7,21.6,10.8,10.8,39565.35,45095.57,6.9,4.04
28/06/2023,24.6,29.2,21.1,14.3,14.3,40521.89,45092.52,6.5,4.2
29/06/2023,24.4,30.4,20.4,17.4,17.4,39600,45088.94,8.5,4.39
30/06/2023,25,28.9,21.3,7.3,7.3,34543.79,45084.82,7.3,3.92
1/07/2023,25.3,28.5,21.2,2.6,2.6,34936.38,45080.19,7.6,3.72
2/07/2023,25,28.4,22.1,18.2,18.2,29724.47,45075.05,8.1,3.39
3/07/2023,24.8,29.1,21.2,6.1,6.1,24520.24,45069.41,7.6,3.48
4/07/2023,23.9,27.4,21.1,6.6,6.6,10376.08,45063.28,6.8,2.2
5/07/2023,23.9,26,21.8,6,6,3600,45056.68,5.6,1.73
6/07/2023,24,26.7,20.5,7.3,7.3,9020.58,45049.61,10.3,2.06
7/07/2023,23.7,27.9,19.4,8.3,8.3,40023.51,45042.08,7.7,4.09
8/07/2023,24.2,29.5,20.4,1.6,1.6,33803.41,45034.11,6.9,3.7
9/07/2023,24.3,29.6,19.4,0.8,0.8,39600,45025.71,8.7,4.85
10/07/2023,24.3,29.4,19.3,0.2,0.2,37842.04,45016.88,8,4.27
11/07/2023,24.7,29.2,20.2,2.3,2.3,34985.89,45007.65,8.9,4.02
12/07/2023,24.7,30.4,19.3,0.4,0.4,40634.89,44998.02,7.9,4.98
13/07/2023,24.6,30.2,19.1,1.6,1.6,40878.48,44987.99,6.3,4.47
14/07/2023,24.7,30.1,20.9,7,7,40100.9,44977.59,5.8,4.28
15/07/2023,24.9,30,21,4,4,40876.51,44966.82,6.1,4.49
16/07/2023,25.2,31,21.1,6.8,6.8,40630.86,44955.7,7.9,4.61
17/07/2023,25.4,30.4,21.5,1.9,1.9,38664.65,44944.22,9.2,4.57
18/07/2023,25.3,30.9,21,0.1,0.1,41117.12,44932.3,13.7,4.9
19/07/2023,25.5,29.7,21.2,0,0,40261.34,44919.91,11.4,5.02
20/07/2023,25.6,30.7,21.2,0.1,0.1,41601.44,44907.05,13.5,5.15
21/07/2023,25.1,31.5,20.5,0,0,40259.65,44893.78,14.8,5.27
22/07/2023,25.1,31.1,19.9,0,0,41687.12,44880.09,17.4,5.17
23/07/2023,25.6,31.4,20.6,0.1,0.1,40258.09,44866,13.9,5.15
24/07/2023,25.6,30.5,22,1,1,31573.22,44851.53,14.5,4.13
25/07/2023,25.7,30.4,21.9,0.1,0.1,33799.75,44836.7,11.8,3.9
26/07/2023,26.2,31.7,22.5,1.1,1.1,32274.82,44821.53,9.3,4.05
27/07/2023,26.2,31.4,21.5,1.3,1.3,41239,44806.04,8.6,4.81
28/07/2023,26.5,32.7,20.5,0.3,0.3,41576.93,44790.24,11,5.3
29/07/2023,26.6,32.1,21.8,0.8,0.8,41573,44774.16,9.7,5.14
30/07/2023,26.3,32.4,20.5,0.6,0.6,40732.05,44757.8,10.8,5.3
31/07/2023,26.1,32.8,19.8,0.1,0.1,39776.66,44741.19,11.4,5.24
1/08/2023,26.2,32.9,21.2,0,0,39600,44724.35,10.2,5.26
2/08/2023,25.7,32.1,20.7,0,0,40608,44707.28,14.6,4.73
3/08/2023,27.2,33.3,21.4,1.4,1.4,41432.51,44690.02,6.6,5.3
4/08/2023,26.5,32.8,21.3,0,0,41075.14,44672.57,15.5,5.56
5/08/2023,25.9,32.4,20.1,5.2,5.2,40486.17,44654.94,10.1,4.94
6/08/2023,26.4,32.4,21.5,0.8,0.8,40011.78,44637.16,14.6,4.78
7/08/2023,26.2,31.6,21.4,2.6,2.6,40135.54,44619.07,15.1,5.08
8/08/2023,25.9,32.6,21.4,2.4,2.4,39684.88,44600.66,13.5,4.72
9/08/2023,25.4,31.3,21.2,6.7,6.7,39791.51,44581.95,8.3,4.55
10/08/2023,25.4,31.5,20.5,9.4,9.4,36818.04,44562.94,10.7,4.42
11/08/2023,24.9,30.5,21.5,29.2,29.2,33888.64,44543.66,9.2,3.91
12/08/2023,25,30.1,20.6,4.3,4.3,40364.19,44524.12,6.9,4.51
13/08/2023,25.1,30.4,21.1,1.7,1.7,36809.05,44504.36,10,4.9
14/08/2023,25.1,29.7,21.4,0.5,0.5,39804.11,44484.38,10,4.66
15/08/2023,25.3,31.3,20.1,0,0,40916.38,44464.21,7.6,4.86
16/08/2023,25.2,31.8,19.1,1.9,1.9,40250.47,44443.86,6.4,5.07
17/08/2023,25.6,31.8,20.1,0.6,0.6,40359.61,44423.34,6.8,5.26
18/08/2023,25.8,32.1,20.4,0.8,0.8,40575.68,44402.69,10.4,5.37
19/08/2023,25.4,31.7,19.8,0,0,40896.11,44381.91,12.1,5.65
20/08/2023,25.9,33.1,19.9,0,0,40676.68,44361.02,15.9,5.38
21/08/2023,25.9,32.6,18.6,0.6,0.6,40248.45,44340.03,10.6,5.31
22/08/2023,26.3,32.1,22.1,2.1,2.1,36227.18,44318.97,9.1,4.83
23/08/2023,25.4,31.6,20.7,2.3,2.3,38698.73,44297.84,8.7,4.6
24/08/2023,26,31.6,20.6,0.1,0.1,39936.24,44276.68,11.9,5.3
25/08/2023,26.2,32.7,19.7,0,0,39631.08,44255.48,14.4,5.5
26/08/2023,27,33.3,21,0,0,40041.24,44234.26,9.1,5.31
27/08/2023,26,32,20,1.2,1.2,37991.47,44212.88,8,5.1
28/08/2023,25.5,32.3,21.7,1.2,1.2,39239.55,44191.29,8.4,4.52
29/08/2023,25.2,30.9,20,2.9,2.9,39600,44169.53,8.7,4.66
30/08/2023,24.4,29.4,21.5,16.1,16.1,29270.8,44147.59,7.5,3.54
31/08/2023,24.6,29.5,22,20.6,20.6,32220.54,44125.51,8.7,3.58
1/09/2023,24.8,29.3,21.1,4.9,4.9,32894.96,44103.29,12.5,3.9
2/09/2023,24.8,27.8,21.9,0.2,0.2,38388.55,44080.96,12.8,3.53
3/09/2023,23.8,27.1,21.8,5.7,5.7,4238.86,44058.52,14.7,1.98
4/09/2023,24.1,26.5,21.4,0.7,0.7,240.28,44036,5.8,2.07
5/09/2023,25.1,28.4,22.2,0,0,25513.13,44013.4,9.6,3.21
6/09/2023,24.6,27.8,22.2,2,2,27078.56,43990.74,8.1,3.18
7/09/2023,24.2,27.7,21.5,1.4,1.4,34885.18,43968.05,8.3,3.55
8/09/2023,24.6,29.2,21.4,2.5,2.5,31302.16,43945.33,9.4,3.92
9/09/2023,24.9,29.3,21.1,1.2,1.2,39456.56,43922.59,6.6,4.13
10/09/2023,24.8,29.1,22.1,7.6,7.6,28886.58,43899.86,6.8,3.76
11/09/2023,24.6,28.4,21.7,13.4,13.4,31023.39,43877.15,4.9,3.78
12/09/2023,24.9,28.6,22.1,2.8,2.8,28802.05,43854.47,5.8,3.74
13/09/2023,24.6,28.7,20.7,17.5,17.5,38704.24,43831.84,9.4,4.51
14/09/2023,24.2,28.2,21.1,5.9,5.9,38633.25,43809.26,7.3,3.67
15/09/2023,24.5,28.7,21,0.1,0.1,39600,43786.75,11.5,4.73
16/09/2023,24.3,28.9,20.8,1.5,1.5,39648.16,43764.16,9.3,4.6
17/09/2023,23.5,28.9,19.2,3.6,3.6,29805.93,43741.45,9.3,3.77
18/09/2023,23.8,28,21.1,10.8,10.8,31670.64,43718.65,7.6,3.96
19/09/2023,23.4,27.7,20.5,17.5,17.5,27647.92,43695.76,7.4,3.51
20/09/2023,23.5,26.8,20.8,3.6,3.6,11770.36,43672.8,5.8,2.51
21/09/2023,23.9,28.3,19.6,2.7,2.7,39723.33,43649.77,5.4,4.72
22/09/2023,23.3,28.1,18.3,6.5,6.5,38412.79,43626.71,7.4,4.33
23/09/2023,23.6,27.7,19.8,19.3,19.3,28922.25,43603.63,7.9,3.89
24/09/2023,22.9,27.2,19.6,5.3,5.3,35857.04,43580.53,6.6,3.67
25/09/2023,23.4,28,20.1,24.1,24.1,35143.32,43557.44,8.7,3.98
26/09/2023,24.2,28.8,20.5,1.6,1.6,39720.51,43534.36,5.2,4.26
27/09/2023,23.9,28.4,20.6,9.6,9.6,25649.18,43511.32,5.9,3.64
28/09/2023,24,28,20.9,5.6,5.6,27867.43,43488.32,6.8,3.09
29/09/2023,23.9,28.1,20.8,21.8,21.8,32176.62,43465.38,7.9,3.47
30/09/2023,24.1,28.3,21.3,1.4,1.4,38726.62,43442.52,13.4,3.88
1/10/2023,23.9,27.6,20.5,17.1,17.1,32571.91,43419.76,6.3,3.63
2/10/2023,23.9,27.3,21.5,19.8,19.8,30242.42,43397.1,9.9,3.59
3/10/2023,24.3,28,21.6,9.2,9.2,35738.09,43374.55,7.2,3.62
4/10/2023,24,27.6,21.4,13.2,13.2,31667.99,43352.15,5.1,3.29
5/10/2023,23.6,27.1,21.3,17.3,17.3,17662.19,43329.89,6.4,2.44
6/10/2023,24.1,27.2,21.9,5.3,5.3,24109.1,43307.62,7.5,3.28
7/10/2023,23.9,27.7,21.5,3.7,3.7,28649.05,43285.3,7.9,3.4
8/10/2023,24.1,27.9,20.8,2,2,31667.24,43262.93,5.2,3.55
9/10/2023,23.2,26.7,19.9,6.5,6.5,22257.63,43240.55,5.9,2.68
10/10/2023,23.2,27.3,20.1,25.6,25.6,27072.53,43218.16,7,3.27
11/10/2023,23.4,26.7,21.4,9.1,9.1,26340.1,43195.79,9.1,3
12/10/2023,23.1,26.9,20.2,2.3,2.3,26999.03,43173.45,9.8,3.28
13/10/2023,22.9,26,21.1,16.2,16.2,7999.27,43151.14,5.1,2.24
14/10/2023,22.8,26.8,20.2,12.4,12.4,16051.75,43128.91,4.3,2.38
15/10/2023,22.5,25.7,19.1,12.2,12.2,20426.37,43106.75,5.6,2.54
16/10/2023,23.1,26.7,19.8,0.8,0.8,40028.41,43084.7,6.8,3.99
17/10/2023,22.6,27.2,18.9,11.2,11.2,29150.31,43062.75,10,3.57
18/10/2023,22.4,24.5,20.5,15.2,15.2,3600,43040.93,5.4,1.47
19/10/2023,22.4,26.2,20.1,18.5,18.5,19378.91,43019.27,7.2,2.33
20/10/2023,22.4,25.6,19.6,23.8,23.8,18399.49,42997.78,5.9,2.47
21/10/2023,22.8,25.7,21.1,37,37,19789.38,42976.46,8.6,2.4
22/10/2023,22.9,26.6,20.4,5,5,26754.1,42955.36,13.6,2.93
23/10/2023,23.4,26.7,20.5,1.7,1.7,20655.76,42934.47,8.1,2.57
24/10/2023,22.4,26.9,18.3,32.9,32.9,34098.29,42913.83,6.9,3.32
25/10/2023,23.1,26.8,19,1.1,1.1,39833.8,42893.43,9.4,4.3
26/10/2023,23,27.2,18.7,0,0,39893.56,42873.12,10.7,4.69
27/10/2023,23.4,27.6,18.4,1.6,1.6,38832.56,42852.86,7.6,4.72
28/10/2023,22.6,27.2,19.4,19.8,19.8,24394.59,42832.65,9,3.45
29/10/2023,22.9,26.5,20.4,16.4,16.4,29272.78,42812.51,8.4,3.75
30/10/2023,22.3,26.8,18.7,24.1,24.1,22448.91,42792.47,7.1,2.9
31/10/2023,22.3,25.4,19.5,9.3,9.3,33744.06,42772.54,9.4,3.03
1/11/2023,22.7,25.8,19.8,13.1,13.1,29975.5,42752.75,6,2.96
2/11/2023,22.7,26.2,20.5,11.9,11.9,13886.98,42733.11,6.6,2.49
3/11/2023,22.9,25.9,20.5,11.1,11.1,18538.95,42713.64,7,2.41
4/11/2023,22.8,26.6,19.2,11.1,11.1,33869.28,42694.37,7.2,3.23
5/11/2023,22.8,26.7,21.2,31.4,31.4,18000,42675.31,6,2.5
6/11/2023,22.6,26.8,19.9,15.5,15.5,30076.39,42656.49,9.3,3.37
7/11/2023,22.8,26.1,19.8,3.4,3.4,27542.99,42637.93,7.6,2.96
8/11/2023,22.6,26.3,19.8,14.3,14.3,18059.63,42619.64,6.8,2.63
9/11/2023,22.6,25.8,19.4,47.7,47.7,25200,42601.64,8.6,2.76
10/11/2023,22.7,26.2,20.9,56.2,56.2,21355.29,42583.97,6.5,2.56
11/11/2023,22.7,26.4,19.2,6.9,6.9,33540.61,42566.64,8,3.15
12/11/2023,22.4,25.6,19.8,17.8,17.8,26936.23,42549.68,8.3,2.54
13/11/2023,22.6,24.9,20.1,14.7,14.7,22673.74,42533.11,10.7,2.6
14/11/2023,22.8,25.7,20.2,6.2,6.2,16094.97,42516.94,8.5,1.97
15/11/2023,23,27.7,20,20.1,20.1,22752.61,42501.01,5,3.06
16/11/2023,23.1,27,20.2,9.1,9.1,26392.61,42485.29,4.6,3.32
17/11/2023,23.3,27.1,20,10.5,10.5,24561.3,42469.78,7.4,2.96
18/11/2023,22.8,26.9,19.9,29.3,29.3,25274.21,42454.5,6.1,2.89
19/11/2023,22.7,25.5,20.7,46.4,46.4,14132,42439.48,5,1.92
20/11/2023,23.3,26.7,20.9,6.5,6.5,27715.34,42424.74,6,2.97
21/11/2023,23.1,27.3,19.4,7,7,23892.08,42410.29,6.2,2.91
22/11/2023,22.7,26.3,20.2,21.6,21.6,19704.12,42396.14,5.9,2.38
23/11/2023,23.3,26.9,21.1,9.4,9.4,39254.82,42382.33,10.1,3.77
24/11/2023,22.7,26.6,17.1,1.5,1.5,39265.43,42368.87,9.8,4.18
25/11/2023,22.5,25.5,18.8,2.9,2.9,39276.74,42355.77,10,3.64
26/11/2023,21.9,25.7,17.5,2.7,2.7,36395.87,42343.07,9.8,3.13
27/11/2023,22.8,26.8,20.6,11.7,11.7,31504.19,42330.77,7.6,3.05
28/11/2023,22.6,25.9,21,23.7,23.7,18574.06,42318.9,10.8,2.26
29/11/2023,22.1,25.5,20.6,5.6,5.6,18000,42307.48,9.4,2.32
30/11/2023,22.2,25,20.5,3.3,3.3,23808.19,42296.54,10.2,2.37
1/12/2023,22,24.6,20,20.5,20.5,23866.72,42286.07,10.4,2.08
2/12/2023,22.5,24.9,21,8.7,8.7,1201.65,42276.12,8.4,1.51
3/12/2023,22.9,27.3,18.6,2.5,2.5,34528.73,42266.7,8,3.55
4/12/2023,23.5,26.2,21,10.7,10.7,11630.62,42257.83,6.1,2.07
5/12/2023,23.3,27.2,20.4,17.6,17.6,25854.46,42249.4,4.4,3.07
6/12/2023,22.9,27.2,19.6,3,3,27462.36,42241.39,5.1,2.99
7/12/2023,23.2,27.3,18.8,6.1,6.1,32400,42233.8,6.4,3.44
8/12/2023,23.1,26.4,20.9,8.3,8.3,25320.86,42226.64,6.5,2.52
9/12/2023,22.4,26.8,19.3,17.6,17.6,20999.17,42219.92,8,2.6
10/12/2023,22.5,25.2,20.4,23.5,23.5,29101.43,42213.64,8.3,2.66
11/12/2023,22.5,26.5,18.6,5.2,5.2,36316.45,42207.83,9.8,3.6
12/12/2023,21.8,23.7,21.2,19.2,19.2,4438.21,42202.48,10.5,1.45
13/12/2023,21.9,24.6,20.8,10.8,10.8,22357.09,42197.6,13.1,2.28
14/12/2023,22.1,24.5,21.2,26.6,26.6,23648.26,42193.2,10.2,2.05
15/12/2023,21.9,23.2,20.8,34.4,34.4,1515.23,42189.29,10.1,1.29
16/12/2023,22.7,25.4,21.6,24.2,24.2,14187.98,42185.88,7.9,1.95
17/12/2023,23.3,26.5,21.4,7.5,7.5,33006.96,42182.97,13.5,3.09
18/12/2023,22.5,26,20.8,27.8,27.8,22915.06,42180.57,6.9,2.19
19/12/2023,22.4,25.2,21,20.7,20.7,29530.83,42178.69,8.9,2.55
20/12/2023,22.8,25.8,20.5,4.2,4.2,33841.55,42177.34,12.2,2.83
21/12/2023,22.9,26.8,20,2,2,37720.8,42176.52,11.5,3.85
22/12/2023,22.4,25.5,19.9,2.3,2.3,37108.13,42176.23,14.4,3.46
23/12/2023,22.1,26,17.8,1.2,1.2,39290.59,42176.5,9.7,3.88
24/12/2023,22.1,25.2,19.6,5.3,5.3,36200.34,42177.32,9.8,3.38
25/12/2023,22.3,25.3,19.7,4.4,4.4,39236.05,42178.71,12.7,3.38
26/12/2023,21.6,24.3,18.6,10.9,10.9,35103.69,42180.66,13.3,2.59
27/12/2023,22,22.9,21.3,17.1,17.1,5334.97,42183.15,10.8,1.29
28/12/2023,22.3,24.1,21.4,27.2,27.2,3238.61,42186.18,9.5,1.48
29/12/2023,22.4,23.9,21.4,12.3,12.3,2750.71,42189.75,7.7,1.71
30/12/2023,22.3,25.2,21.2,18.7,18.7,27093.43,42193.84,10,2.41
31/12/2023,22.2,25,21,13.2,13.2,25904.68,42198.43,10.8,2.49
1/01/2024,22.1,24.7,21.3,21.8,21.8,20480.38,42203.53,8.3,2.08
2/01/2024,22.3,25.5,21,9.4,9.4,20942.26,42209.12,11.3,2.4
3/01/2024,22.3,24.4,20.8,4.7,4.7,31292.35,42215.2,11,2.49
4/01/2024,22.8,26.3,20.7,2.3,2.3,37145.5,42221.74,11.2,3.46
5/01/2024,22.8,26.4,20.5,2.4,2.4,38950.06,42228.75,12.3,3.64
6/01/2024,22.7,27.1,19.8,12,12,30014.04,42236.22,8,3.39
7/01/2024,22,25.8,18.9,7.6,7.6,31178.17,42244.12,8.1,2.88
8/01/2024,22.2,24.8,20.2,8,8,5024.01,42252.46,7,1.97
9/01/2024,21.8,23.5,20.6,23.6,23.6,181.16,42261.21,8.7,1.41
10/01/2024,22.1,23.6,21.1,26.5,26.5,0,42270.39,9.4,1.04
11/01/2024,22,24.5,20.5,21.9,21.9,28890.91,42279.96,12,2.39
12/01/2024,22,25.7,19,3.1,3.1,36720.67,42289.92,12.7,3.64
13/01/2024,21.6,24.8,19.4,6.2,6.2,38794.69,42300.27,13.8,3.27
14/01/2024,20.9,23.7,17.9,5.8,5.8,39060.7,42311.12,13.7,3.16
15/01/2024,19.5,23.6,15.6,0,0,37571.07,42322.5,10.5,3.68
16/01/2024,20.2,24.9,14.7,2,2,38883.25,42334.38,10.8,3.53
17/01/2024,21.4,26.4,15.5,2.1,2.1,38789.2,42346.74,10.8,4
18/01/2024,22.5,25.8,19.9,7,7,36816.23,42359.55,7.6,3.29
19/01/2024,22,25.5,19,4.3,4.3,36805.63,42372.82,7.9,2.91
20/01/2024,22.2,25.4,19.1,4.4,4.4,35239.81,42386.49,10.1,3.15
21/01/2024,22.6,25.4,19.9,4.1,4.1,34309.58,42400.57,11.2,3.04
22/01/2024,22.4,25.9,18.5,1,1,38979.04,42415.02,13.9,3.77
23/01/2024,21.6,25.5,17.6,2.1,2.1,39291.71,42429.82,15.3,3.72
24/01/2024,20.7,24.9,15.6,0,0,39673.01,42444.97,11.7,4.22
25/01/2024,20.4,25.2,14.4,0,0,39495.55,42460.43,12.8,4.35
26/01/2024,20.4,25.2,14.8,4.5,4.5,38669.41,42476.18,13.4,3.53
27/01/2024,21.4,25.7,16.7,6.3,6.3,38853.88,42492.21,11.6,3.6
28/01/2024,21.8,23.8,20.8,15.5,15.5,32678.22,42508.49,11.2,2.74
29/01/2024,21.6,23.5,19.2,9.3,9.3,5430.19,42525.02,9.6,1.58
30/01/2024,22.5,25.7,21.3,10.3,10.3,20487.95,42541.75,9.1,2.43
31/01/2024,22.7,26.4,20.8,21.4,21.4,19847.6,42558.7,5.8,2.54
1/02/2024,22.2,26,19.6,9.3,9.3,27522.63,42575.81,10.6,3.1
2/02/2024,22.8,26.8,19.2,2.2,2.2,39223.39,42593.1,11.9,4.22
3/02/2024,23.4,27.2,19.3,1.5,1.5,39714.37,42610.72,10.8,4.82
4/02/2024,21.7,25.8,17.8,6.3,6.3,31381.57,42628.72,9.4,2.95
5/02/2024,22.3,24.7,21.1,11.2,11.2,28963.2,42647.07,8.6,2.77
6/02/2024,22.5,26.7,19.4,1.2,1.2,39921.43,42665.76,10.2,4.14
7/02/2024,21.5,26.1,17.7,0,0,40148.08,42684.76,11.7,4.39
8/02/2024,21.2,26.6,15.6,0,0,38955.93,42704.05,11.6,4.81
9/02/2024,21.7,26.6,16.3,0.2,0.2,40072.48,42723.61,12.1,4.47
10/02/2024,21.9,26.3,18.3,1.7,1.7,39984.22,42743.4,15.3,4.23
11/02/2024,21.1,25.5,17.5,3.2,3.2,39794,42763.43,14.9,3.69
12/02/2024,21.9,26.2,17.5,3.6,3.6,38770.45,42783.65,13.6,3.83
13/02/2024,22.4,24.8,19.8,5.2,5.2,39812.46,42804.06,11.8,3.01
14/02/2024,22.8,25.4,21.6,9.1,9.1,33779.39,42824.63,9.8,3.13
15/02/2024,22.7,25.3,21.2,10.8,10.8,28632.86,42845.34,8.7,2.62
16/02/2024,22.2,25.9,20.5,5.9,5.9,25853.78,42866.18,11.3,2.68
17/02/2024,22.5,26,19.2,7,7,37380.33,42887.12,11.7,3.9
18/02/2024,22,26.7,17.6,0,0,40434.39,42908.13,10.8,4.49
19/02/2024,22.4,27.5,17.2,0,0,40458.45,42929.21,10.2,4.47
20/02/2024,22.9,27.2,18.8,4.2,4.2,39825.83,42950.34,8.2,3.7
21/02/2024,23.4,27.9,19.2,0,0,40506.44,42971.5,11.3,4.65
22/02/2024,24,28.4,18.2,0,0,40383.49,42992.66,10.1,5.25
23/02/2024,23.8,28.5,18.3,0.2,0.2,40297.8,43014.01,9,4.96
24/02/2024,22.9,27.4,18.6,0,0,40422.22,43035.59,12.1,5.01
25/02/2024,23.1,27.1,19.2,0.2,0.2,39708.96,43057.39,10.4,4.07
26/02/2024,23.2,27,20.1,3.8,3.8,36854.64,43079.38,13,4
27/02/2024,23.3,26.6,21.4,6.2,6.2,34810.29,43101.55,12.8,3.62
28/02/2024,22,24.4,20.1,11.9,11.9,32938.59,43123.88,13.3,2.79
29/02/2024,22.4,26.4,19.3,1.4,1.4,39049.48,43146.36,11.6,4.15
1/03/2024,22.2,25.7,18.9,4.8,4.8,36440.54,43168.95,11.3,3.74
2/03/2024,22.2,26.7,17.7,0,0,40749.19,43191.66,8.9,4.02
3/03/2024,22.4,26.8,17.9,0,0,39241.91,43214.46,12,4.88
4/03/2024,22.1,27,16.1,0,0,40798.46,43237.32,9.3,5.32
5/03/2024,23,27.8,18.4,0,0,40823.06,43260.24,10.7,5.13
6/03/2024,22.6,27.5,17.3,0,0,37411.7,43283.2,9.4,4.58
7/03/2024,23.3,27.7,19.3,0,0,35231.29,43306.19,10.9,4.57
8/03/2024,23.5,28.7,17.7,0,0,40207.9,43329.17,10,4.98
9/03/2024,23.8,29.7,18.1,0,0,40920.75,43352.14,9.3,5.68
10/03/2024,23.5,29,18.4,0,0,40944.9,43375.09,12,5.84
11/03/2024,23.1,28.6,17.8,0,0,40968.92,43397.98,13,5.16
12/03/2024,23.8,28.9,18.4,0,0,40727.83,43420.8,13.7,5.13
13/03/2024,24.3,29.3,18.2,0,0,40029.11,43443.56,12.1,5.57
14/03/2024,24.3,30.3,17.8,0,0,41039.72,43466.41,12.6,5.68
15/03/2024,24.5,30.7,17.5,0,0,40805.81,43489.37,9.3,5.4
16/03/2024,24.3,30.7,18.2,0,0,41086.55,43512.46,8.3,5.23
17/03/2024,23.9,30.3,17.3,0,0,41110,43535.65,10.5,5.85
18/03/2024,24.1,29.6,18.6,0,0,40067.17,43558.93,11.1,5.71
19/03/2024,23.6,29.6,17.9,0,0,40710.76,43582.27,11.6,4.92
20/03/2024,24.1,30.8,16.9,0,0,40433.12,43605.67,8.3,5.55
21/03/2024,23.5,28.3,19.9,6,6,28674.52,43629.11,9.7,3.37
22/03/2024,23.3,28,20.6,9.3,9.3,29349.61,43652.58,9.4,3.07
23/03/2024,23.5,28.6,19.9,8.7,8.7,32491.51,43676.05,13,3.81
24/03/2024,23.2,27.7,19.9,3.9,3.9,25747.59,43699.52,8,3.15
25/03/2024,24.1,28.5,20.1,1.5,1.5,40940.88,43722.96,11.3,4.82
26/03/2024,23.6,27.6,19.5,6.7,6.7,37464.21,43746.38,7.8,4.07
27/03/2024,23.5,27.9,20.9,30.9,30.9,29111.23,43769.73,8,3.59
28/03/2024,23.8,28.5,20.1,7.2,7.2,34931.73,43793.02,10.6,4.25
29/03/2024,24.4,29,20,0,0,41033.57,43816.22,10.6,5.38
30/03/2024,23.8,29.9,18.1,0.4,0.4,40633.56,43839.32,6.8,5.38
31/03/2024,23.7,28.6,18.4,1.4,1.4,40334.79,43862.3,7.6,4.7
1/04/2024,24.2,29.3,19.1,2.3,2.3,36504.57,43885.15,9.7,4.68
2/04/2024,24.7,29.7,20.4,3.8,3.8,40256.27,43907.86,7.2,4.8
3/04/2024,24.4,29.3,19.8,4,4,39015.18,43930.56,8.4,4.66
4/04/2024,24.3,29.1,20.1,5.6,5.6,40925.33,43953.32,9.3,4.53
5/04/2024,25.1,29.7,20.3,1.7,1.7,40629.12,43976.12,8.4,5.05
6/04/2024,25.4,31.2,19.8,0.1,0.1,40530.35,43998.93,8,5.56
7/04/2024,25.6,31.4,19.8,0,0,39844.91,44021.75,8,5.27
8/04/2024,25,30.9,19.6,0.1,0.1,40357.89,44044.56,7,5.19
9/04/2024,24.9,30.7,19.4,0,0,39822.08,44067.34,12.5,5.69
10/04/2024,24,28.6,18.7,1.4,1.4,40062.06,44090.08,9.5,4.62
11/04/2024,23.6,29.4,20.6,17.9,17.9,23744.31,44112.77,10.1,3.12
12/04/2024,23.4,27.3,20.9,23.5,23.5,22861.31,44135.37,10.7,2.75
13/04/2024,23.7,28.2,19.8,9.5,9.5,38506.39,44157.89,9.4,4.37
14/04/2024,23.5,28,20.3,11,11,30919.84,44180.3,9.3,3.77
15/04/2024,23.8,27.6,21,6.2,6.2,23369.49,44202.59,8,3.07
16/04/2024,24.2,28.1,20.2,3,3,38628.96,44224.73,9.7,3.94
17/04/2024,24.1,29.7,18.8,2.2,2.2,40430.57,44246.71,7.9,4.84
18/04/2024,25,30.1,19.7,0,0,40624.85,44268.52,11.5,5.37
19/04/2024,24.5,30.6,17.8,0,0,40492.17,44290.12,8.6,5.41
20/04/2024,25.3,30.3,19.5,0.4,0.4,40886.74,44311.52,6.3,5.37
21/04/2024,25.6,31.1,19.6,0.2,0.2,40240.12,44332.69,8.6,5.47
22/04/2024,25.4,31.2,18,0,0,39867.59,44353.61,7.3,5.48
23/04/2024,25.4,31.1,19.4,0,0,40241.18,44374.43,10.8,5.5
24/04/2024,25.2,30.9,19.3,0.1,0.1,40320.88,44395.19,9.5,5.45
25/04/2024,25.3,30.7,19.8,0.2,0.2,39392.21,44415.88,7.5,5.34
26/04/2024,26,31.3,20.5,0.4,0.4,39600,44436.47,6.6,5.24
27/04/2024,25.4,30.9,21.6,6.2,6.2,31380.83,44456.96,11.3,4.56
28/04/2024,25.4,29.8,21,1.6,1.6,40442.09,44477.32,8.6,4.67
29/04/2024,24.9,29.7,21.2,4.6,4.6,38437.1,44497.55,10.3,3.74
30/04/2024,25.1,30.2,21.2,6,6,40094.35,44517.61,12.7,4.73
1/05/2024,26,31.4,20.4,0.4,0.4,40523.29,44537.5,7.2,5.26
2/05/2024,26.8,33.1,20.1,0,0,39868.01,44557.2,7,5.49
3/05/2024,26.8,32.7,21.8,0.1,0.1,39898.29,44576.69,9.7,5.27
4/05/2024,26.5,32.2,20.2,1.3,1.3,39671.39,44595.94,8.4,4.69
5/05/2024,27.2,32.6,21,0.6,0.6,40542.89,44614.94,10.5,5.45
6/05/2024,27.2,33.1,21.7,1.1,1.1,40793.01,44633.68,8.2,5.45
7/05/2024,27,33.4,20.3,0.4,0.4,40144.06,44652.13,13.6,5.5
8/05/2024,25.5,30.6,21.8,3.5,3.5,35482.57,44670.26,9.5,3.83
9/05/2024,25.5,30.8,22.3,5.6,5.6,28883.32,44688.08,8.2,3.64
10/05/2024,25.1,30.6,22.2,12.8,12.8,21600,44705.54,11.8,3.1
11/05/2024,25.2,29.9,21.5,7.5,7.5,36194.43,44722.63,9.3,4.49
12/05/2024,24.9,28.6,21.8,3.4,3.4,32217.76,44739.34,7.4,3.83
13/05/2024,24.9,29.5,21.4,16.5,16.5,28800,44755.79,7.6,3.95
14/05/2024,24.4,28.5,21.4,20.1,20.1,28419.42,44772.02,8.6,3.47
15/05/2024,24.7,28.5,21.8,7.6,7.6,27726.5,44788.02,10.2,3.33
16/05/2024,24.4,27.3,21.9,9,9,10722.42,44803.76,5.2,2.5
17/05/2024,24.1,27.1,22.3,14.9,14.9,16106.08,44819.23,7.2,2.65
18/05/2024,23.8,27.7,20.7,23.6,23.6,25200,44834.43,8.8,3.01
19/05/2024,24.5,28.8,21.9,8.6,8.6,19986.36,44849.32,6.3,3.11
20/05/2024,23.6,26.5,21.6,18.9,18.9,1010.71,44863.9,10.1,1.71
21/05/2024,25.5,29.6,21.8,1.8,1.8,34951.64,44878.15,7.3,4.03
22/05/2024,26.2,30.1,23.2,3.7,3.7,32710.45,44892.05,13,3.84
23/05/2024,26.3,29.9,23.9,14.3,14.3,37292.56,44905.59,13.7,3.87
24/05/2024,26,29.5,23.1,2.3,2.3,36856.65,44918.75,10.9,4.12
25/05/2024,25.9,29.5,24,5.3,5.3,24152.57,44931.51,7.3,3.45
26/05/2024,26.4,30.8,22.7,0.5,0.5,27881.28,44943.86,11.7,3.78
27/05/2024,26.6,30.3,23.3,0.7,0.7,34527.45,44955.78,7.6,3.68
28/05/2024,25.9,29.6,22.9,9.6,9.6,33643.87,44967.25,7.7,4.11
29/05/2024,26.1,30.4,21.8,5.2,5.2,39622.21,44978.26,8.7,4.47
30/05/2024,26,30.5,22.6,6,6,37257.84,44988.79,10,4.47
31/05/2024,25.6,29.7,21.9,0.2,0.2,40092.72,44998.82,13.7,4.44
1/06/2024,25.8,30.2,21.9,3,3,36629.52,45008.34,9.9,4.07
2/06/2024,25,28.3,22.5,22.9,22.9,21600,45017.42,6.5,2.85
3/06/2024,25.1,28.6,22.4,1.2,1.2,33032.91,45026.09,7.2,3.83
4/06/2024,25.3,28.7,21.4,1.5,1.5,39888.72,45034.33,7.5,4.47
5/06/2024,25.5,29.9,22,0.6,0.6,37801.96,45042.15,8.7,4.3
6/06/2024,24.7,28.7,20,0.9,0.9,38753.93,45049.54,11.4,4.12
7/06/2024,25.4,28.9,22.1,1.6,1.6,37282.04,45056.48,7.2,3.97
8/06/2024,25.3,29.5,21.3,0.2,0.2,39658.24,45062.98,9.4,4.45
9/06/2024,24.9,29.3,20.3,5.3,5.3,39732.32,45069.02,8.2,4.12
10/06/2024,25.7,29.9,21.8,1.2,1.2,35156.18,45074.59,7.2,4.3
11/06/2024,25.7,30.4,21.3,1.9,1.9,40064.14,45079.7,8.8,4.67
12/06/2024,25.5,30.3,21.8,4.6,4.6,39723.86,45084.33,8,4.27
13/06/2024,25.7,30.1,22.1,0.7,0.7,39600,45088.48,7.7,4.45
14/06/2024,24.9,30,20.2,0.1,0.1,40402.81,45092.14,7.4,4.76
15/06/2024,25.4,30.7,20.5,0.3,0.3,39600,45095.3,7.9,4.69
16/06/2024,25.8,30.4,21,0.7,0.7,41335.41,45097.96,7.3,4.81
17/06/2024,25,30.2,19.3,0.3,0.3,40958.84,45100.12,7.4,4.78
18/06/2024,25.2,30.3,20.5,1.1,1.1,38833.81,45101.76,6.9,4.41
19/06/2024,25.4,30.1,21.7,0.9,0.9,40636.7,45102.88,6.1,4.26
20/06/2024,25.6,30.9,21.5,1.6,1.6,40987.29,45103.48,7.1,4.13
21/06/2024,26.2,31.6,22,5.2,5.2,39210.18,45103.55,7.7,4.5
22/06/2024,26.4,29.3,24,0.2,0.2,24759.12,45103.08,6.2,3.1
23/06/2024,26.1,30.2,23.3,1.4,1.4,22606.11,45102.09,10.9,3.44
24/06/2024,26,30,23.4,0.4,0.4,24801.61,45100.56,10.3,3.34
25/06/2024,25.6,29.1,23.6,2.6,2.6,12380.56,45098.52,6.1,2.58
26/06/2024,24.8,27.8,22.9,11.1,11.1,10620.22,45095.96,7,2.19
27/06/2024,25.5,30.1,22.1,2.4,2.4,33917.77,45092.9,8.1,4.02
28/06/2024,25.7,30.7,20.4,0,0,41581.39,45089.34,8.2,4.77
29/06/2024,24.9,31.8,18.9,0,0,40706.39,45085.29,10.4,5.03
30/06/2024,25.6,31.1,20.5,0,0,36066.33,45080.76,10.4,4.82
1/07/2024,25.4,30.7,21.1,4.3,4.3,40761.46,45075.75,7.6,4.66
2/07/2024,25.6,31.4,21.2,3.6,3.6,38832.88,45070.27,6.9,4.59
3/07/2024,25.6,31,20.8,1.5,1.5,40035.51,45064.33,9,4.58
4/07/2024,24.9,29.2,22.1,14.6,14.6,32266.68,45057.94,9.1,3.77
5/07/2024,24.3,28.9,20.3,0.4,0.4,20360.05,45051.11,7.4,3.15
6/07/2024,25.2,28.3,22.2,7.3,7.3,27775,45043.84,6.5,3.45
7/07/2024,24.7,29.1,21.2,4.3,4.3,34093.74,45036.14,10.5,4.04
8/07/2024,24.2,28.8,20.1,9.4,9.4,30583.36,45028.02,7.6,3.59
9/07/2024,25.1,29.7,20.6,0,0,36947.47,45019.49,11.5,4.3
10/07/2024,24.7,29.7,20.2,2.4,2.4,41295.43,45010.56,7.5,4.35
11/07/2024,25.4,30.2,21.3,1.4,1.4,41368.14,45001.23,7.8,4.75
12/07/2024,25.5,30.6,20.3,1.1,1.1,41000.81,44991.41,7.1,4.63
13/07/2024,24.8,29.3,22,26.4,26.4,29281.78,44981.1,6.3,3.45
14/07/2024,25.6,30.1,22.1,0,0,38246.32,44970.3,6.7,4.39
15/07/2024,25.8,29.6,22.8,1.4,1.4,24351.77,44959.04,10.3,3.56
16/07/2024,25.6,28.5,22.8,0.7,0.7,24500.71,44947.32,9,3.27
17/07/2024,25.7,28.7,22.9,0,0,17914.02,44935.18,9.8,2.83
18/07/2024,25.7,29.1,22.7,0,0,25962.16,44922.62,4.8,3.22
19/07/2024,25.7,29.8,22.8,0,0,38950.77,44909.67,10.5,4.75
20/07/2024,25.7,30.5,21.7,0,0,40138.14,44896.34,8.4,5.24
21/07/2024,25.2,31.2,20.2,0,0,41687,44882.64,7.9,5.57
22/07/2024,25.7,31.1,19.8,4.1,4.1,39651,44868.6,16.2,4.89
23/07/2024,26.7,32.7,21.4,0.1,0.1,41680.38,44854.23,14.5,5.58
24/07/2024,26.8,32.9,22,0,0,40859.81,44839.55,10,5.43
25/07/2024,26.7,31.9,22.1,3.4,3.4,41222.65,44824.57,15.3,4.99
26/07/2024,26.7,32,22.3,0,0,35635.72,44809.32,9.5,4.56
27/07/2024,27.3,32.5,22.4,0,0,41096.95,44793.79,13.8,5.29
28/07/2024,27.2,31,24.3,0,0,39136.05,44778.02,14.6,4.96
29/07/2024,27.2,32.7,23.9,5.2,5.2,27083.69,44762.02,13,4.15
30/07/2024,26.7,32.5,23,0,0,28052.12,44745.8,10.6,4.48
31/07/2024,26.9,33.2,23.1,12.5,12.5,35417.2,44729.38,8.3,4.31
1/08/2024,26.5,33.2,22.8,1.2,1.2,35991.37,44712.61,7.1,4.27
2/08/2024,26.4,31.8,22.5,0.9,0.9,39861.02,44695.48,10,3.88
3/08/2024,25.5,30.2,21.5,10,10,37268.95,44678,6.1,4.21
4/08/2024,24.8,30.3,20.9,13.6,13.6,38160.21,44660.2,7.6,4.26
5/08/2024,24.7,30,21.1,1,1,40718.71,44642.09,6.7,4.21
6/08/2024,24.7,29.2,19.9,3.7,3.7,30309.76,44623.69,6.8,3.98
7/08/2024,25.3,30.7,20.3,1.9,1.9,40367.29,44605.02,9.7,4.64
8/08/2024,24.3,30.2,19.6,23.1,23.1,32510.11,44586.09,8.4,4.01
9/08/2024,24.8,30.7,18.9,0.2,0.2,40251.45,44566.94,9.5,5.07
10/08/2024,24.5,29.9,20,15.4,15.4,35645.42,44547.57,8.9,4.42
11/08/2024,24.2,29.4,21.2,11.3,11.3,22502.46,44528.01,9.1,3.06
12/08/2024,24,29.4,21.1,21.9,21.9,25401.17,44508.27,10.1,3.48
13/08/2024,23.7,28.4,20.3,12.3,12.3,18972.45,44488.38,6.1,2.96
14/08/2024,24.4,27.7,21.5,1.4,1.4,31689.23,44468.33,8.6,3.39
15/08/2024,24.6,28.9,20.9,6.5,6.5,40029.85,44448.16,7.4,4.22
16/08/2024,24.2,27.6,20.5,14.1,14.1,36184.73,44427.88,6.8,3.61
17/08/2024,24.5,27.9,22.1,6,6,29051.03,44407.51,6.2,3.44
18/08/2024,24.5,27.4,22.4,3.5,3.5,21558.52,44387.06,5.1,2.85
19/08/2024,24.3,28.4,21.1,11.6,11.6,33402.68,44366.55,6.5,3.52
20/08/2024,24.6,28,22.1,0.9,0.9,39735.48,44345.98,8.5,3.96
21/08/2024,23.7,26.1,21.6,4,4,6632.87,44325.23,8.4,1.93
22/08/2024,24.2,28.5,20.9,0.3,0.3,26780.02,44304.25,6.6,3.84
23/08/2024,24.6,29.2,20.2,0.6,0.6,40142.8,44283.05,7.6,4.16
24/08/2024,24.1,28.2,21.2,7.2,7.2,33175.31,44261.65,10.9,4.2
25/08/2024,24.3,30.1,19.3,4.5,4.5,40244.27,44240.08,7.6,4.65
26/08/2024,24.9,30.7,19.8,0,0,39840.75,44218.35,10.9,5.38
27/08/2024,25,30.5,19.1,0,0,36000,44196.47,11.4,5.39
28/08/2024,25.3,30.2,20.4,0.6,0.6,36000,44174.46,9.6,4.81
29/08/2024,25,29.5,21.3,3.8,3.8,37803.12,44152.35,9.5,3.99
30/08/2024,25,29.3,20.3,4.3,4.3,29927.56,44130.14,10.8,3.6
31/08/2024,25.4,30.7,21.8,6.4,6.4,27502.52,44107.84,7.4,3.86
1/09/2024,25.7,29.7,21.9,11.3,11.3,32638.69,44085.49,7.7,4.21
2/09/2024,25.4,30.3,22.8,25.5,25.5,25461.59,44063.08,7.4,3.78
3/09/2024,25.3,28.9,22.5,6.2,6.2,24472.97,44040.64,8.1,3.17
4/09/2024,24.6,28.6,22,6.3,6.3,21035.42,44018.19,5.7,2.84
5/09/2024,25.7,30.1,21.3,2.2,2.2,37882.36,43995.73,8.4,3.81
6/09/2024,25.2,30.5,20.6,0.3,0.3,39265.85,43973.28,11.9,4.69
7/09/2024,25.8,31.3,21.1,0.6,0.6,39209.42,43950.86,8.1,4.65
8/09/2024,26,31.8,22.1,0.1,0.1,38362.15,43928.48,10.6,4.52
9/09/2024,26.2,31.4,21.1,4.6,4.6,39867.84,43906.14,6.1,4.77
10/09/2024,26.3,31.5,22.6,1,1,39327.38,43883.7,9.7,4.17
11/09/2024,25.9,31.5,21,6.5,6.5,39600,43861.14,7.6,4.45
12/09/2024,25.9,31.5,21.2,2.8,2.8,39600,43838.45,6,4.83
13/09/2024,26,31.6,21.8,7.6,7.6,37443.84,43815.66,8.2,4.63
14/09/2024,25.6,31.2,21.4,19.1,19.1,39467.7,43792.78,6.7,4.41
15/09/2024,25.9,31.4,21.2,0.8,0.8,39720.02,43769.83,8.3,5.09
16/09/2024,26.6,32.1,22.4,9.3,9.3,39600,43746.81,8.9,4.77
17/09/2024,26.3,31.9,21.2,0,0,39600,43723.76,9,4.94
18/09/2024,25.8,32.5,20.2,0,0,39600,43700.67,12.9,5.73
19/09/2024,24.8,32.4,19.1,0,0,39723.83,43677.57,16.6,5.72
20/09/2024,25.4,32.1,19.4,1,1,39600,43654.46,9,5.01
21/09/2024,25.4,32.2,20.1,0.1,0.1,39604.78,43631.38,16.7,5.65
22/09/2024,25.8,32.7,20.5,0,0,39660.29,43608.32,14.8,5.68
23/09/2024,25.6,31.7,18.7,0,0,39600,43585.31,15.2,5.42
24/09/2024,26.9,33.1,20.5,0.4,0.4,39737.04,43562.35,13.8,5.6
25/09/2024,27.3,33.4,22.8,1.7,1.7,39739.5,43539.46,10.6,4.96
26/09/2024,25.4,31.2,20.7,13.2,13.2,37017.74,43516.66,10.3,4.87
27/09/2024,24.7,30.7,20.6,2.2,2.2,27725.78,43493.96,11.6,3.86
28/09/2024,24.3,30.8,21.2,10.6,10.6,29498.35,43471.37,10.9,3.86
29/09/2024,24.1,29.2,21.8,12.1,12.1,30755.91,43448.91,9.8,3.78
30/09/2024,23.6,27.7,21.3,12.1,12.1,22726.18,43426.41,10.2,3.09
1/10/2024,24.7,29.9,20.1,1.7,1.7,39867.34,43403.85,14,4.81
2/10/2024,24.7,29.9,20.6,2.8,2.8,36961.97,43381.23,9.2,4.3
3/10/2024,24.4,29.6,20,1.1,1.1,37939,43358.58,8.6,4.32
4/10/2024,25.1,30,20.3,0.2,0.2,39640.35,43335.9,6.8,4.84
5/10/2024,24.8,30.3,20,2.8,2.8,39572.74,43313.21,6.9,4.62
6/10/2024,24.7,30.4,20.2,2.9,2.9,32400,43290.54,7.4,4.28
7/10/2024,23.6,28.2,21.3,8.9,8.9,23951.45,43267.89,7.8,2.87
8/10/2024,23.8,27.2,21.7,10.4,10.4,16465.39,43245.27,9.6,2.58
9/10/2024,23.5,27.2,21.1,16.7,16.7,24681.34,43222.72,6.3,3.28
10/10/2024,22.8,26.3,20.6,40.1,40.1,12534.85,43200.24,5.6,2.26
11/10/2024,22.9,25.7,21,12.4,12.4,10530.73,43177.86,6,1.98
12/10/2024,23.1,26,21,2.3,2.3,8815.28,43155.57,6.8,2.21
13/10/2024,22.8,25.5,20,17,17,12179.02,43133.41,5.7,2.05
14/10/2024,23.2,26.6,20.7,13.8,13.8,14491.23,43111.39,5.1,2.45
15/10/2024,23.4,26.2,21,1.7,1.7,10459.73,43089.53,6.3,2.38
16/10/2024,24.3,28.6,20.3,5.7,5.7,39581.1,43067.84,7.4,4.47
17/10/2024,24.1,30,18.9,0.2,0.2,39986.75,43046.35,10.3,4.86
18/10/2024,23.2,28.9,17.2,0.8,0.8,40121.66,43025.05,9,4.84
19/10/2024,23.3,27.9,18.4,0.6,0.6,40099.88,43003.98,9,4.5
20/10/2024,23.4,28.5,20,2,2,36198.38,42982.96,9.9,3.61
21/10/2024,23.2,27,20.1,4.7,4.7,21344.52,42961.95,11.5,2.69
22/10/2024,23.1,26.3,20.7,1.3,1.3,7812.21,42940.97,5.7,2.23
23/10/2024,23.1,26.5,19.9,11.3,11.3,22575.84,42920.04,7.6,2.54
24/10/2024,24,27.7,20.8,1.2,1.2,33759.98,42899.16,6.2,3.82
25/10/2024,23.4,27.7,18.5,0.4,0.4,39821.48,42878.36,7.9,4.3
26/10/2024,23.4,27.2,21.2,6.8,6.8,29527.89,42857.68,6.2,3.34
27/10/2024,23.5,27.6,20.1,1.6,1.6,34109.27,42837.11,6.6,3.68
28/10/2024,23.8,27.9,20.3,7.4,7.4,31287.41,42816.67,6.6,3.49
29/10/2024,23.5,28.2,20.1,2.3,2.3,25864.13,42796.4,6.7,3.53
30/10/2024,23.1,27.9,18.9,2.7,2.7,29227.28,42776.3,8.2,3.73
31/10/2024,23,27.5,19.4,15.9,15.9,22026.47,42756.41,6.7,3
1/11/2024,22.7,25.5,20.1,20.2,20.2,25289.33,42736.73,8.4,2.59
2/11/2024,22.5,26.5,20.1,16.1,16.1,20124.4,42717.3,5.6,2.79
3/11/2024,22.3,26.1,19.2,51.6,51.6,18348.95,42698.12,6.3,2.29
4/11/2024,22.4,26.1,21,13.8,13.8,21463.99,42679.23,8.6,2.55
5/11/2024,22.6,26.3,19.3,8.7,8.7,30848.67,42660.64,10.9,3.62
6/11/2024,22.8,26.5,19.1,0.1,0.1,39428.42,42642.37,11.4,4.5
7/11/2024,22.6,27.8,16.8,0.6,0.6,39563.88,42624.45,13.5,4.42
8/11/2024,22.3,25.4,19.5,5.3,5.3,21112.75,42606.89,9.2,2.57
9/11/2024,22.3,25.3,20.1,4.2,4.2,35395.08,42589.52,14.6,3.2
10/11/2024,22.1,25.8,19.3,1.1,1.1,39473.97,42572.31,12.4,3.85
11/11/2024,23.4,27.5,19.7,1.3,1.3,39469.37,42555.27,7.6,4.25
12/11/2024,23.1,27.2,18.5,1.3,1.3,39198.3,42538.41,6.3,3.76
13/11/2024,22.6,28.5,19,15.5,15.5,27412.4,42521.76,7.8,3.31
14/11/2024,22.6,27.3,19.2,4.5,4.5,30710.54,42505.34,8.8,3.25
15/11/2024,22.2,26.6,19.5,19.2,19.2,21162.97,42489.16,7.2,2.47
16/11/2024,22.4,26.9,18.9,3.5,3.5,37763.38,42473.25,8.2,3.61
17/11/2024,22.5,27.5,18.5,3,3,39335.64,42457.63,8.4,3.99
18/11/2024,22.5,27,19.9,11.2,11.2,34480.75,42442.31,7.2,3.43
19/11/2024,22.4,27,19.1,25.6,25.6,24332.43,42427.32,8,2.82
20/11/2024,22.2,25.5,19.7,8.6,8.6,25531.24,42412.68,6.6,2.38
21/11/2024,22.4,25.3,20.7,21.2,21.2,15657.71,42398.41,10.3,2.15
22/11/2024,22.2,25.3,20.8,25.3,25.3,22579.09,42384.53,8.8,2.42
23/11/2024,22.4,26.2,20.2,8,8,26134.16,42371.06,13,3.32
24/11/2024,21.4,23.2,20.7,32.1,32.1,3583.21,42358.03,9.4,1.35
25/11/2024,21.1,21.6,20.6,99.3,99.3,0,42345.45,17.2,0.54
26/11/2024,21.6,22.5,20.8,132.3,132.3,0,42333.36,17.1,0.63
27/11/2024,22.8,26.5,21,11.2,11.2,19444.05,42321.75,17.5,2.41
28/11/2024,22.4,26,20.3,5,5,8390.37,42310.67,18.1,2.33
29/11/2024,23.4,28.6,20.7,10.4,10.4,27669.73,42299.98,8.1,2.75
30/11/2024,22.8,25.3,20.4,7.2,7.2,17497.39,42289.65,7.3,2.24
1/12/2024,24.5,29.3,20.9,0,0,39331.98,42279.69,9.4,4.22
2/12/2024,22.1,28,16.4,0,0,39349.23,42270.11,12.5,4.28
3/12/2024,22.1,27.8,14.9,0.2,0.2,26525.2,42260.93,7.8,3.64
4/12/2024,22.8,28.3,18.6,2.7,2.7,32482.83,42252.15,8.8,3.79
5/12/2024,22.7,27.3,19.3,1,1,36771.36,42243.79,9.5,3.97
6/12/2024,22.3,25.6,19.5,1,1,38457.71,42235.86,11,3.2
7/12/2024,22.1,25.3,19.9,0.3,0.3,21555.32,42228.38,9.2,2.41
8/12/2024,21.9,25.2,19.5,5.7,5.7,35438.78,42221.35,11.4,3.03
9/12/2024,21.7,26.5,17.8,0.1,0.1,39496.46,42214.79,11.9,3.75
10/12/2024,22,26.5,18.3,0.2,0.2,39520.45,42208.7,10.4,4.35
11/12/2024,22.8,27,20,3.8,3.8,38168.84,42203.11,13,3.4
12/12/2024,22.6,27.5,19.9,9.4,9.4,29790.58,42198.03,7.5,2.55
13/12/2024,22.3,25.7,20,11.1,11.1,31732.05,42193.45,7.5,2.6
14/12/2024,21.9,25.6,19.7,7.3,7.3,27871.71,42189.4,11.6,2.5
15/12/2024,22.1,25.3,20,3.9,3.9,36000,42185.9,16.2,3.19
16/12/2024,21.4,22.8,20.4,22.9,22.9,1193.5,42182.93,8.1,1.25
17/12/2024,22.3,26.4,20,11.7,11.7,28061.14,42180.54,7.2,2.77
18/12/2024,22.7,27.3,19.7,4,4,37680.05,42178.71,15.5,3.69
19/12/2024,22.5,27.8,18.5,6.7,6.7,31732.87,42177.43,7.6,3.15
20/12/2024,22.3,27.9,18.5,14.6,14.6,27211.99,42176.69,4.8,2.89
21/12/2024,22.2,27,18.4,6.9,6.9,24934.33,42176.48,9.1,3.01
22/12/2024,22,26.2,18.4,0.7,0.7,39305,42176.8,14.6,3.65
23/12/2024,21.9,26.6,17.5,0,0,39275.62,42177.63,13.7,4.22
24/12/2024,21.4,27.7,14.7,0.3,0.3,39246.3,42178.99,12,4.23
25/12/2024,21.5,27.8,15.3,0,0,39217.12,42180.86,9.7,4.43
26/12/2024,21.5,26.4,16.7,0,0,39188.16,42183.24,12.8,4.34
27/12/2024,21.1,26.3,16.9,9,9,24118.43,42186.12,8.4,2.68
28/12/2024,21.5,24.8,18.8,4.6,4.6,33561,42189.5,9.1,2.71
29/12/2024,21,25.5,17.3,16.4,16.4,30867.81,42193.37,13.1,2.9
30/12/2024,21.8,25.1,18.9,16.8,16.8,31500.57,42197.72,9.5,2.63
31/12/2024,21.8,23.1,21.2,21.4,21.4,8182.93,42202.56,8,1.51
1/01/2025,21.4,22.7,20.8,46,46,0,42207.87,6.6,0.87
2/01/2025,21,22.9,20,17.6,17.6,0,42213.65,10.1,1.37
3/01/2025,20.8,23.2,19.6,6.6,6.6,22866.16,42219.89,13.6,2.06
4/01/2025,19.9,21.7,18.7,2.5,2.5,5681.45,42226.59,9.7,1.41
5/01/2025,21,24.7,18.1,0.8,0.8,31545.08,42233.74,11.6,3.21
6/01/2025,21.1,25.8,18.3,0,0,36859.64,42241.33,13.4,3.68
7/01/2025,21.5,26.4,15.3,0.5,0.5,38890.08,42249.37,12.8,4.12
8/01/2025,22.3,26.9,19.2,3.5,3.5,37979.12,42257.93,11.7,3.74
9/01/2025,21.9,24.5,20.4,6.1,6.1,33244.84,42267.05,10.2,2.49
10/01/2025,21.9,24.1,21,13.4,13.4,31553.91,42276.7,11.9,2.63
11/01/2025,20.8,21.8,19.9,55.1,55.1,5160.9,42286.86,11.6,1.08
12/01/2025,21.5,23.8,20,27.5,27.5,7936.22,42297.51,9.7,1.7
13/01/2025,22.1,25.4,20.1,5.2,5.2,37830.19,42308.63,13.1,3.15
14/01/2025,21.4,22.4,20.6,32.8,32.8,0,42320.21,7.2,0.92
15/01/2025,21.3,22.6,20.4,13.7,13.7,0,42332.22,8.2,1.08
16/01/2025,21.4,23,20.7,19.2,19.2,14210.13,42344.64,9.1,1.55
17/01/2025,21.2,23.6,19.2,12.2,12.2,35010.84,42357.46,13.6,3.05
18/01/2025,21.6,22.6,20.7,35,35,0,42370.66,6.7,1.32
19/01/2025,21,21.7,20.3,62,62,0,42384.22,7.5,0.62
20/01/2025,21.5,24.9,19.5,8.6,8.6,25786.48,42398.11,11.9,2.87
21/01/2025,21.6,23.7,20.4,24.5,24.5,19175.1,42412.33,7.9,1.97
22/01/2025,21.3,23.4,19.6,19,19,0,42426.86,4.4,1.34
23/01/2025,21.8,25,19.6,9.6,9.6,26446.96,42441.66,9.4,2.88
24/01/2025,21.1,24.7,19.6,6.5,6.5,18500.49,42456.73,8.8,2.52
25/01/2025,21.3,24.9,19.1,20.1,20.1,20980.1,42472.06,10.4,2.47
26/01/2025,21.7,23.8,20.2,19.6,19.6,18338.62,42487.62,11,2.07
27/01/2025,20.7,24.7,17.8,1,1,38825.62,42503.4,13.4,3.61
28/01/2025,20.8,25.1,17.1,4,4,28683.29,42519.55,12,2.9
29/01/2025,21.2,22.8,19.6,20.1,20.1,5680.46,42536.13,10.7,1.58
30/01/2025,22.8,27.8,19.8,14.1,14.1,32693.32,42553.11,10.9,3.6
31/01/2025,21.9,25.6,19.3,3.3,3.3,38036.62,42570.46,9.5,3.01
1/02/2025,21.9,26.7,18.6,2.6,2.6,39127.52,42588.16,11.9,4.16
2/02/2025,21.8,27,17.4,0.7,0.7,39811.48,42606.18,11.7,4.52
3/02/2025,21.2,26.1,15.8,0.1,0.1,39330.23,42624.52,12.2,4.45
4/02/2025,20.7,25.4,15.2,1.7,1.7,39336.1,42643.13,12.3,4.4
5/02/2025,21.2,24.8,17.3,2.7,2.7,39342.71,42662.01,13.8,3.27
6/02/2025,22.6,27,20.1,3.8,3.8,38633.11,42681.13,9.6,4.09
7/02/2025,21.8,26.4,18.7,3.1,3.1,39358.03,42700.47,14.5,4.05
8/02/2025,20.2,25.3,14.5,3.5,3.5,39668.81,42720.01,14.3,3.75
9/02/2025,20.3,25.4,16.2,1.4,1.4,39578.42,42739.72,15.3,4.05
10/02/2025,21.3,27.4,16.3,0.3,0.3,38146.92,42759.59,12.2,4.34
11/02/2025,21.6,25.9,18.4,4.5,4.5,37709.34,42779.6,11.4,3.15
12/02/2025,22.3,26.8,18.7,2.4,2.4,39408.14,42799.73,13.8,4.18
13/02/2025,21.6,26.8,16.7,0.1,0.1,40333.04,42819.95,10.2,4.79
14/02/2025,21.1,27.6,15.6,0.1,0.1,40356.56,42840.25,10.5,5.08
15/02/2025,21.8,26.9,15.6,0,0,40272.29,42860.61,11.2,4.9
16/02/2025,21.7,26.1,18.1,0,0,40391.73,42881.02,11.1,4.94
17/02/2025,22.1,27.8,16.8,1.1,1.1,39577.77,42901.64,12.6,4.41
18/02/2025,22.9,27.3,19.3,1.1,1.1,40217.77,42922.54,12.5,4.45
19/02/2025,22.5,27.7,16.9,1,1,40474.59,42943.68,10.8,4.91
20/02/2025,22.7,28.1,18.5,1,1,40498.7,42965.05,10.7,5.1
21/02/2025,22.6,27.9,17,1,1,40522.96,42986.63,12.2,5.18
22/02/2025,22,27.8,16.2,0.2,0.2,40397.85,43008.4,9.4,5.04
23/02/2025,21.9,27.3,16.6,0.5,0.5,40571.86,43030.34,11.7,4.87
24/02/2025,22,26.5,17.2,2.2,2.2,40125.45,43052.43,12.3,4.25
25/02/2025,22.3,24.9,20.5,4.2,4.2,38383.9,43074.65,12.1,3.03
26/02/2025,22.1,25.6,20.7,13.5,13.5,24740.7,43096.99,9.4,2.51
27/02/2025,22.2,25.4,20.9,9.8,9.8,14759.67,43119.43,12.5,2.45
28/02/2025,22.1,24.9,20.5,28,28,6714.85,43141.95,8.6,2.06
1/03/2025,22.7,26.5,20.6,24.2,24.2,19600.66,43164.52,7.9,2.78
2/03/2025,22.4,27.2,18.7,10.1,10.1,29489.53,43187.14,10.5,3.42
3/03/2025,22.3,26.3,19.6,2.9,2.9,30432.09,43209.79,11.1,3.41
4/03/2025,22.7,28,19.1,0,0,31505.54,43232.44,9.4,4.28
5/03/2025,22.7,28.9,17.8,0,0,40817.96,43255.07,11.1,5.39
6/03/2025,22.7,28.3,16,0,0,40842.22,43277.69,13.7,5.71
7/03/2025,22.4,28.5,17.2,0,0,40866.34,43300.26,12.7,5.78
8/03/2025,21.3,27.4,14.4,0,0,40890.23,43322.78,14.1,5.47
9/03/2025,21.2,27,15.4,0,0,40848.98,43345.4,10.4,5.18
10/03/2025,21.7,24.6,18.5,8.1,8.1,10821.76,43368.17,11.6,2.18
11/03/2025,22.5,24.3,21.3,15.6,15.6,1998.26,43391.08,13.5,1.8
12/03/2025,23.4,28.6,19.4,2.6,2.6,40821.88,43414.12,13.6,5.02
13/03/2025,22.9,28.3,17.2,5.5,5.5,39916.43,43437.26,7.3,4.45
14/03/2025,23.6,28.9,18.1,0.5,0.5,40048.54,43460.5,8.8,5.03
15/03/2025,22.9,28.8,17.3,3.1,3.1,40490.13,43483.81,7.6,4.77
16/03/2025,21.8,24,19.6,9.1,9.1,8682.27,43507.18,4.3,1.88
17/03/2025,22.8,27.9,19.6,4.4,4.4,35269.53,43530.59,8.1,3.68
18/03/2025,23.4,28.5,20,2.5,2.5,40063.63,43554.04,6.9,4.63
19/03/2025,22.5,27.5,18.9,6.5,6.5,34242.69,43577.49,8.8,3.58
20/03/2025,22.4,27.3,17.8,3.2,3.2,39590.42,43600.95,9.2,4.29
21/03/2025,23.5,28.8,18.6,1.9,1.9,40744.33,43624.38,10,4.94
22/03/2025,22.8,28.5,19,10.3,10.3,36736.95,43647.79,7.7,3.9
23/03/2025,23.2,29,18.3,2.6,2.6,40640.49,43671.14,8.3,5.07
24/03/2025,23.3,28.1,19.7,3.1,3.1,40841.58,43694.43,10.2,4.68
25/03/2025,23.2,28.9,20.3,14.9,14.9,31650.66,43717.63,9.7,4
26/03/2025,22.5,28.4,17.8,3.1,3.1,35616.98,43740.74,5.9,3.92
27/03/2025,22.7,27.6,18.3,1.9,1.9,33091.77,43763.73,11.8,4
28/03/2025,23,28,18.2,0,0,37969.75,43786.59,14.3,4.53
29/03/2025,22.8,28.4,16.6,0.4,0.4,40535.24,43809.48,10.5,4.75
30/03/2025,23,28.6,16.4,1,1,40135.74,43832.45,11.4,4.96
31/03/2025,22.7,26.3,17.9,3.9,3.9,39738.07,43855.47,6.5,3.69
1/04/2025,23.1,26.8,20.8,10.6,10.6,19091.37,43878.53,5.8,2.93
2/04/2025,22.9,28.2,19.8,7.2,7.2,30138.84,43901.62,7.2,3.36
3/04/2025,22.3,27.4,18.8,16.8,16.8,26250.55,43924.72,6.3,3.29
4/04/2025,22.2,26.9,19.3,14.8,14.8,18907.45,43947.82,6.5,2.82
5/04/2025,22.5,26.4,20,6.5,6.5,14699.57,43970.9,5,2.51
6/04/2025,22.9,28.2,19,3.9,3.9,24766.13,43993.95,10.6,3.5
7/04/2025,23.4,29.1,20,4.6,4.6,32489.73,44016.94,11,4.38
8/04/2025,23.4,28.4,20.2,2.6,2.6,33139.65,44039.87,11.2,4.03
9/04/2025,23.2,28.9,19,1.7,1.7,26124.14,44062.72,7.4,3.88
10/04/2025,22.7,26.9,18.8,4.7,4.7,20575.25,44085.47,7,2.86
11/04/2025,22.7,26.3,19,1.3,1.3,3145.72,44108.1,9.7,2.03
12/04/2025,23.4,30.1,18.9,6.6,6.6,40639.06,44130.61,7.9,4.59
13/04/2025,23.2,29.4,18.1,1.7,1.7,40210.84,44152.96,6.2,4.43
14/04/2025,23,27.9,18.2,3.3,3.3,30783.16,44175.14,7.9,3.71
15/04/2025,23.2,28.2,19.2,6.5,6.5,33048.85,44197.14,7.2,3.81
16/04/2025,22.9,28.1,17.8,4.6,4.6,37105.69,44218.95,8.6,4.1
17/04/2025,23.6,28.5,18.6,1.5,1.5,39420.66,44240.53,7.5,4.45
18/04/2025,23.4,28.6,18,1,1,35063.45,44262.05,6,4.06
19/04/2025,23.4,28.8,18.5,1.6,1.6,38495.51,44283.54,11,4.36
20/04/2025,23.5,28.7,18.9,1.3,1.3,34745.25,44305,6.9,4.04
21/04/2025,23.2,28.7,19.2,6.8,6.8,31698.51,44326.39,7.1,3.36
22/04/2025,23,28.3,19.8,3.7,3.7,25796.97,44347.72,7.8,3.37
23/04/2025,23.1,29.2,18.2,3.3,3.3,39470.84,44368.96,4.9,3.97
24/04/2025,23.2,28.8,19.1,1.9,1.9,39355.82,44390.08,7,4.29
25/04/2025,22.7,28.3,18.9,16.8,16.8,29403.73,44411.09,7.1,3.38
26/04/2025,23.2,28.9,18.5,7.5,7.5,39797.77,44431.96,8.4,4.25
27/04/2025,22.7,27.3,18.6,9.5,9.5,32879.57,44452.67,6.9,3.28
28/04/2025,22.9,28.9,18.9,22,22,24174.83,44473.2,6.9,3.36
29/04/2025,22.9,28.7,19,18.7,18.7,22100.42,44493.54,7.1,3.24
30/04/2025,22.8,27.5,19.4,7.1,7.1,18902.39,44513.66,8.8,2.8
1/05/2025,24.3,29.7,19.7,1.6,1.6,27430.54,44533.55,6.9,3.96
2/05/2025,23.6,27.9,19.3,1.1,1.1,27582.28,44553.2,9.3,3.32
3/05/2025,23.6,28.9,18.8,1.3,1.3,38505.83,44572.57,7.3,4.25
4/05/2025,24,28.7,19.6,1.3,1.3,35742.12,44591.65,8,4.06
5/05/2025,24.7,30.9,17.8,0,0,40225.25,44610.42,10.2,5.27
6/05/2025,23.8,29.2,19.2,0.6,0.6,28669.95,44628.86,6.3,3.94
7/05/2025,23.5,28.3,19.7,1.5,1.5,28350.97,44646.95,7.1,3.47
8/05/2025,24.6,29.9,20.1,1,1,36993.4,44664.84,9.9,4.79
9/05/2025,25,30.2,20.2,0,0,36000,44682.55,11.2,5.02
10/05/2025,24.1,30.2,18.6,0.8,0.8,39987.24,44700.07,10.2,4.89
11/05/2025,24.2,30,18.7,0,0,40169.92,44717.38,9,5
12/05/2025,23.9,30.1,17.9,0.2,0.2,40612.25,44734.47,10.2,4.99
13/05/2025,24.5,31.1,18.5,0,0,40160.67,44751.32,11.5,5.05
14/05/2025,25.3,31,20.8,0,0,39964.22,44767.93,14.6,5.14
15/05/2025,25,30.2,21.3,2,2,33102.68,44784.25,10.4,4.16
16/05/2025,24.5,30.6,20.8,1.9,1.9,25718.25,44800.3,8.6,3.89
17/05/2025,23.5,27.9,20.2,1.8,1.8,8624.71,44816.03,6,2.43
18/05/2025,24.4,29.9,21,13.8,13.8,36264.79,44831.44,9.3,3.93
19/05/2025,24.8,29.9,21.3,1.6,1.6,32400,44846.51,7.2,3.65
20/05/2025,25.5,30.3,22.4,0.6,0.6,35180.16,44861.22,11.9,3.98
21/05/2025,25.5,30.1,21.8,1.1,1.1,39600,44875.55,6.9,3.89
22/05/2025,24.3,30.2,20.7,7.5,7.5,31877.12,44889.5,6.9,3.34
23/05/2025,25.1,31,20.5,2.6,2.6,38175.85,44903.02,7.3,4.69
24/05/2025,24.8,29,21,4.3,4.3,24245.84,44916.11,11,3.15
25/05/2025,25.8,30.6,22.8,0,0,25379.09,44928.75,11.3,3.61
26/05/2025,26.2,30.5,23.1,0,0,34575.97,44940.91,14.9,4.27
27/05/2025,26,29.2,23.5,0,0,25188.14,44952.6,10.2,3.43
28/05/2025,26,30.6,23.1,0,0,33391.95,44963.89,11.1,4.57
29/05/2025,26.4,31.1,22.9,0.2,0.2,39600,44974.82,14.7,4.93
30/05/2025,26,29.1,23.1,2.7,2.7,30882.97,44985.37,9.4,3.48
31/05/2025,26.2,30.6,23.2,5.5,5.5,36203.16,44995.54,9.6,4.22
1/06/2025,25.7,31.3,21.7,9.1,9.1,37692.93,45005.3,8,4.04
2/06/2025,25.4,31.2,20.6,0,0,38323.33,45014.67,6.7,4.89
3/06/2025,24.7,31.6,19.4,2.9,2.9,38285.41,45023.62,8,4.52
4/06/2025,24.7,31.1,20.1,6.6,6.6,40399.82,45032.15,10.4,4.53
5/06/2025,24.5,31.1,19.9,1.2,1.2,38835.37,45040.24,7.8,4.7
6/06/2025,25.3,32.2,19.1,0,0,40403.42,45047.88,12.9,5.15
7/06/2025,25.5,32.5,19.8,0,0,40522.56,45055.07,8.3,5.12
8/06/2025,25.1,32.7,18.5,0,0,40330.57,45061.79,7.1,5.18
9/06/2025,25.2,31.7,19.4,0,0,40287.84,45068.03,12.3,5.2
10/06/2025,26.3,32.4,21.4,0.8,0.8,37258.38,45073.8,11.4,4.73
11/06/2025,26,30.9,23.4,1.7,1.7,15144.77,45079.06,10,2.82
12/06/2025,25.9,30.1,22.9,4.7,4.7,29237.28,45083.82,7.7,3.64
13/06/2025,26.5,31.4,22.9,1.8,1.8,33945.1,45088.07,13.6,3.99
14/06/2025,26,31.9,22.9,4.2,4.2,29770.73,45091.79,8.7,3.75
15/06/2025,24.9,28.4,22.5,2.1,2.1,11990.72,45094.99,7.4,2.6
16/06/2025,25.1,30.4,21.9,2.6,2.6,23440.25,45097.64,9.8,3.44
17/06/2025,25,30.4,21.1,0.9,0.9,27801.16,45099.77,10.2,3.88
18/06/2025,24.8,30.9,20.9,5.5,5.5,38351.98,45101.39,7.8,4.11
19/06/2025,25,30.3,21.3,6.7,6.7,33896.61,45102.49,7.4,4.08
20/06/2025,24.7,29.7,21,4.2,4.2,30577.6,45103.08,7.3,3.86
21/06/2025,24.9,30.5,21,6.7,6.7,32400,45103.17,8.9,4.19
22/06/2025,25.3,31.6,21,1.5,1.5,33419.8,45102.75,5.5,4.27
23/06/2025,25.4,30.3,21.5,1.5,1.5,36754.82,45101.84,11.1,4.48
24/06/2025,25.4,30.6,20.9,0,0,33741.16,45100.43,11.1,4.29
25/06/2025,25.8,31.6,21.4,1.1,1.1,38704.37,45098.53,12.6,4.92
26/06/2025,25.4,32.1,20.9,5.8,5.8,41234.93,45096.14,8.5,4.24
27/06/2025,25.2,31,21.1,1.4,1.4,39600,45093.26,8.5,4.52
28/06/2025,24.7,30.6,21,14.1,14.1,36660.58,45089.91,7.3,3.8
29/06/2025,25,29.5,20.8,2.2,2.2,36120.3,45086.09,8.7,3.64
30/06/2025,25.7,32,20.9,0.3,0.3,41604.06,45081.78,8,5.3
1/07/2025,25.5,31.8,21.3,0,0,41614.18,45077.02,9.8,5.12
2/07/2025,25.7,31.6,21.2,1,1,41606.95,45071.79,10.4,5.07
3/07/2025,26.1,32.1,21.1,0.1,0.1,41245.56,45066.11,11.6,5.1
4/07/2025,25.7,31.5,20.6,0.8,0.8,39791.82,45059.98,10.3,5.22
5/07/2025,25.9,32,21,3.1,3.1,41647.46,45053.4,10.4,5.21
6/07/2025,25.6,31.2,21.7,8.9,8.9,38337.09,45046.38,9.9,4.75
7/07/2025,26.1,32.9,21.3,1.4,1.4,41611.88,45038.84,8.9,5.19
8/07/2025,26.3,32.5,21.4,0.1,0.1,37853.62,45030.79,9.8,5.19
9/07/2025,26.3,32.4,21.5,1.2,1.2,41490.34,45022.22,7.7,4.85
10/07/2025,25,31.6,19.6,1.2,1.2,36835.72,45013.17,7.2,4.44
11/07/2025,25.6,31.6,20.3,0.6,0.6,40513.3,45003.63,7.1,4.46
12/07/2025,26.1,31.3,21.6,0.4,0.4,40268.08,44993.64,8.8,4.72
13/07/2025,26.3,32.4,22,0.5,0.5,41244.2,44983.2,8.3,4.81
14/07/2025,26.1,31.4,22.1,0.2,0.2,40265.89,44972.33,12.4,4.62
15/07/2025,26.2,32,22.5,0.5,0.5,35406.12,44961.04,10.9,4.48
16/07/2025,25.7,31.7,22.5,10.5,10.5,30537.21,44949.36,6,4
17/07/2025,25.5,30.7,21.4,0.7,0.7,38056.07,44937.29,13.6,4.15
18/07/2025,25.1,29.7,22.4,0.5,0.5,13118.64,44924.85,11,2.7
19/07/2025,24.4,27.3,22.2,7.4,7.4,16022.59,44912.05,11.4,2.73
20/07/2025,23.6,27.2,21.6,8.2,8.2,3854.04,44898.93,9,1.98
21/07/2025,24.7,27.4,22.5,4.3,4.3,12600.81,44885.47,10.2,2.37
22/07/2025,25.2,29.7,22.7,0.3,0.3,25400.89,44871.71,7.6,2.99
23/07/2025,25.4,30.1,21.7,0.4,0.4,17847.36,44857.65,7.9,2.97
24/07/2025,25.6,30.5,22.8,3.8,3.8,24252.2,44843.31,9.2,3.6
25/07/2025,24.6,29.5,21.8,13.5,13.5,9664.05,44828.71,12.5,2.93
26/07/2025,23.9,27,21.9,7.2,7.2,19358.3,44813.85,9.1,2.6
27/07/2025,24.9,30.3,20.2,2.7,2.7,40130.57,44798.61,13.9,4.74
28/07/2025,25.5,32.5,20.1,0.1,0.1,41095.21,44782.97,12,5.32
29/07/2025,25.5,32.2,19.7,0.5,0.5,40972.65,44766.95,11.2,4.8
30/07/2025,25.8,32.2,19.3,0.8,0.8,40014.8,44750.55,11.6,4.96
31/07/2025,25.6,31.2,20.9,0.8,0.8,39481.8,44733.81,9.4,4.4
1/08/2025,24.2,30.4,19.2,4.7,4.7,27516.11,44716.75,10.1,3.5
2/08/2025,24.2,29.9,20.2,1.5,1.5,23518.31,44699.37,7.7,3.25
3/08/2025,23.2,27.2,21.3,9.1,9.1,8173.87,44681.71,4.7,2.05
4/08/2025,24,29.8,20.2,3,3,39440.66,44663.78,9.4,4.24
5/08/2025,23.5,29.2,20.2,10.4,10.4,37907.57,44645.6,6.6,3.78
6/08/2025,24.7,31.4,19.1,0.3,0.3,40949.39,44627.18,6.3,4.83
7/08/2025,24.4,31,20.1,2.6,2.6,29916.48,44608.55,8.2,4.22
