time,temperature_2m_mean (°C),temperature_2m_max (°C),temperature_2m_min (°C),precipitation_sum (mm),rain_sum (mm),sunshine_duration (s),daylight_duration (s),wind_speed_10m_max (km/h),et0_fao_evapotranspiration (mm)
1/01/2022,15.2,18.2,12.8,1.5,1.5,38931.35,42205.74,13.7,2.7
2/01/2022,15.6,18.7,13.6,2.9,2.9,35190.02,42211.28,15,2.77
3/01/2022,15.2,18,13.9,7.1,7.1,28407.83,42217.31,15.9,2.22
4/01/2022,15,17.5,13.5,8.3,8.3,29842.19,42223.89,11.2,2.08
5/01/2022,15.1,17.3,13.2,3.7,3.7,30495.18,42231.03,9,2.29
6/01/2022,15.4,19.1,12.4,0.1,0.1,38855.23,42238.72,13,3.17
7/01/2022,15.4,20,11.5,0.5,0.5,38966.51,42246.93,10.1,3.6
8/01/2022,14.6,19.6,9.7,1.1,1.1,37106.28,42255.66,10.8,3.51
9/01/2022,14.6,18.3,12.3,5.8,5.8,27631.94,42264.88,8.8,2.47
10/01/2022,14.6,17.3,12.2,9.6,9.6,9309.16,42274.58,8.8,1.65
11/01/2022,15.2,19.2,11.8,1.1,1.1,38886.87,42284.73,10.5,3.01
12/01/2022,15.3,19,11.6,1.4,1.4,38791.16,42295.34,6,3.31
13/01/2022,15.4,19.3,12,1.8,1.8,38927.65,42306.36,9.1,3.23
14/01/2022,14.6,19,10.4,1.4,1.4,38831.32,42317.8,8.2,3.32
15/01/2022,15.3,19.9,11,0.7,0.7,38895.39,42329.63,8.1,3.84
16/01/2022,14.9,19.4,11.3,1.1,1.1,39128.95,42341.84,13.5,3.37
17/01/2022,14.7,18.6,12.4,1,1,38696.93,42354.4,13.6,3.19
18/01/2022,14.7,18.7,10.5,2.6,2.6,38766.15,42367.31,10.1,3.35
19/01/2022,15.1,19.3,13,1.2,1.2,36052.5,42380.55,9.1,3.58
20/01/2022,14.5,18.5,10.1,0,0,39532.87,42394.09,10.5,4.13
21/01/2022,14.4,18.3,10,0,0,39838.62,42407.93,12.2,4.54
22/01/2022,13,18.6,7.7,0,0,39801.8,42422.05,13.7,4.78
23/01/2022,12.9,18.8,6.7,0,0,39529.74,42436.43,11.5,4.6
24/01/2022,13.5,18.9,8.4,0,0,39066.89,42451.24,8.4,4.38
25/01/2022,13.4,18.6,7.7,0,0,38596.73,42466.5,9.1,3.89
26/01/2022,13.4,18.9,8.1,0.7,0.7,38870.46,42482.18,10.6,3.56
27/01/2022,13.5,18.7,8.3,0,0,36705.55,42498.28,9,3.91
28/01/2022,14.1,20.1,8,0.7,0.7,38862.63,42514.76,11.3,3.75
29/01/2022,16.1,21.1,13.1,1.1,1.1,38735.39,42531.6,9.4,3.71
30/01/2022,15.7,20.8,9.8,0.1,0.1,39837.14,42548.79,10.7,4.08
31/01/2022,15.2,18.7,12.3,2.7,2.7,35577.7,42566.28,8.4,2.55
1/02/2022,14.9,20.8,9.4,0,0,39353.86,42584.07,8.5,4.49
2/02/2022,15.8,21.1,9.9,0.1,0.1,40075.8,42602.14,7.9,4.45
3/02/2022,15.5,20.7,11.1,2.6,2.6,39866.18,42620.45,7.9,4.15
4/02/2022,16.9,21.2,10.6,0,0,40120.04,42639,11.5,4.7
5/02/2022,16.1,21.1,10.6,1.1,1.1,39679.82,42657.76,9.1,4.49
6/02/2022,14.3,21,7.7,0,0,39585.75,42676.7,8.3,4.84
7/02/2022,14.3,18.9,10.2,2.2,2.2,22214.98,42695.81,11.2,2.52
8/02/2022,15.1,21.2,10.3,0,0,35033.25,42715.07,9,4.19
9/02/2022,15.6,20.9,11.5,0,0,33058.96,42734.46,5.4,4.06
10/02/2022,15.2,19.5,11.6,9.3,9.3,38005.25,42753.95,5.6,3.21
11/02/2022,15.4,19.7,12.5,9.7,9.7,17845.58,42773.54,6.6,2.33
12/02/2022,15.6,19.2,12.6,3.9,3.9,29505.72,42793.2,6.6,2.67
13/02/2022,14.6,16.4,13,9.5,9.5,572.52,42813.11,6.7,1.18
14/02/2022,14.9,19.3,12.7,2,2,37326.66,42833.31,8.3,2.97
15/02/2022,15.1,18.8,12.2,0,0,39366.8,42853.8,10.5,3.65
16/02/2022,15.8,19.3,12.7,0,0,39912.07,42874.54,11.1,4.39
17/02/2022,16.3,20.4,11.6,0,0,40419.61,42895.51,11.1,4.79
18/02/2022,15.6,21.6,10.4,1.8,1.8,37798.61,42916.7,4.7,4.17
19/02/2022,15.7,19.8,12.5,0.8,0.8,11047.29,42938.08,6.8,2.41
20/02/2022,16.3,20.2,11.7,1.4,1.4,40492.45,42959.65,10,3.91
21/02/2022,16.7,20.9,12.5,0,0,40516.96,42981.36,11.3,4.43
22/02/2022,16,20.4,9.5,0,0,40541.53,43003.22,11.8,4.62
23/02/2022,14.6,20.9,8.1,1.5,1.5,39718.77,43025.2,8.2,4.53
24/02/2022,15.3,19.1,12.9,3.9,3.9,37704.18,43047.27,11.7,3.15
25/02/2022,14.7,19.5,10.4,1.8,1.8,39545.65,43069.43,8.7,3.77
26/02/2022,15.5,19.4,12.8,1.6,1.6,40103.44,43091.64,10.9,3.47
27/02/2022,15.3,19.5,12.2,0,0,40664.68,43113.91,12.6,3.99
28/02/2022,14.4,20.1,9.2,1.9,1.9,39396.25,43136.2,7.7,3.98
1/03/2022,15,19.9,11.3,1.4,1.4,38991.91,43158.5,15.4,4.2
2/03/2022,14.9,17.6,12.3,4,4,18316.24,43180.79,17,2.75
3/03/2022,15,18.7,12,1.2,1.2,28498.59,43203.06,16,2.84
4/03/2022,16,19.5,12.8,1.8,1.8,30756.28,43225.29,11.8,3.12
5/03/2022,16.4,20.5,12.3,0.7,0.7,40368.84,43247.64,11.2,4.14
6/03/2022,16.2,21.6,11.8,1.4,1.4,39964.52,43270.18,11.9,4.19
7/03/2022,16.2,21.9,10.5,1.3,1.3,39882.65,43292.87,11.3,4.27
8/03/2022,15.8,20.8,11.7,1.8,1.8,37815.22,43315.7,8.1,3.99
9/03/2022,15.6,21.2,10.9,0,0,40906.34,43338.66,8.9,4.99
10/03/2022,16.4,21.7,11.1,0.7,0.7,40708.65,43361.72,8.3,4.9
11/03/2022,16.5,21.6,11.4,0.1,0.1,40202.95,43384.89,11,4.55
12/03/2022,15.8,20,12.5,1.6,1.6,37836.46,43408.12,9.2,3.51
13/03/2022,16.1,20.8,13.2,1.2,1.2,38690.83,43431.42,12,3.87
14/03/2022,16.6,21.8,12.3,0,0,39129.83,43454.77,9,4.65
15/03/2022,16.7,21.8,12.5,0.1,0.1,32527.63,43478.15,11.2,4.15
16/03/2022,16.2,20,13.7,0,0,19483.47,43501.54,12.3,2.79
17/03/2022,16.7,20.8,14,1.2,1.2,37810.46,43524.93,9.7,3.75
18/03/2022,15.8,19.2,13.1,2.3,2.3,24085.14,43548.29,8.3,2.38
19/03/2022,15.6,19.7,12.7,0.9,0.9,40431.07,43571.63,15.9,3.37
20/03/2022,15.6,19,12.7,0.2,0.2,41169.79,43594.91,16.2,3.68
21/03/2022,17.3,21.5,13.9,1.2,1.2,40906.11,43618.13,10.5,4.57
22/03/2022,17.1,22,12.6,1,1,40725.16,43641.26,8.4,4.6
23/03/2022,16.5,21.9,12.2,3.4,3.4,39920.43,43664.3,8,3.91
24/03/2022,16.4,19.9,13.7,2.6,2.6,36018.07,43687.22,5.6,3.12
25/03/2022,16.5,21.7,12.7,2.4,2.4,39421.38,43710.19,10.7,3.85
26/03/2022,16,21.2,11.6,1.7,1.7,40856.54,43733.25,8.5,4.25
27/03/2022,16.8,22.2,12.1,1,1,39926.34,43756.38,7.4,4.55
28/03/2022,17.3,22.6,12.8,1,1,40648.17,43779.58,7.8,4.56
29/03/2022,16.7,22.2,12.7,1.9,1.9,41058.47,43802.81,9.5,4.48
30/03/2022,15.7,20.7,12.7,5,5,40134.04,43826.08,8,3.43
31/03/2022,16.4,21.3,12.2,0.8,0.8,40850.47,43849.37,10.5,4.36
1/04/2022,15.8,20.9,11.9,3.2,3.2,39930.89,43872.64,11.6,3.56
2/04/2022,15.4,20.3,12.4,18.7,18.7,31582.25,43895.91,4.7,3.06
3/04/2022,15.2,19.4,12.2,14.8,14.8,36589.27,43919.15,7.9,3.03
4/04/2022,15.3,19.7,11,3.2,3.2,37344.1,43942.33,8.7,3.42
5/04/2022,15.3,19.4,12.8,20.9,20.9,28152.5,43965.46,5.4,2.96
6/04/2022,14.8,18.6,12.4,16.7,16.7,25200,43988.5,6.2,2.47
7/04/2022,15.3,19.4,12,10.6,10.6,32568.4,44011.45,8.5,3.33
8/04/2022,15.1,18,12.5,15,15,12698.62,44034.29,8,2.15
9/04/2022,15.2,18.7,12.3,3,3,32797.12,44056.99,9.3,3.01
10/04/2022,15.1,18.8,12.1,6.7,6.7,23095.52,44079.55,10.2,2.34
11/04/2022,16.4,19.6,14.8,5.6,5.6,27679.94,44101.94,12,2.59
12/04/2022,16.1,20.1,13.5,11.8,11.8,21600,44124.16,8.3,2.74
13/04/2022,16.2,20.4,13,7.9,7.9,28394.68,44146.18,7,3.1
14/04/2022,16.1,20.5,12.8,4.6,4.6,29449.24,44168.15,10.6,3.19
15/04/2022,16.9,21.1,12.7,2.5,2.5,37182.02,44190.12,8.9,3.7
16/04/2022,18.1,21.2,15,1.9,1.9,39341.73,44212.08,6.2,3.76
17/04/2022,16.7,20.2,13.8,4.8,4.8,35714.55,44234,6.4,3.21
18/04/2022,16.5,20.5,13.3,2.2,2.2,37918.28,44255.88,7.9,3.81
19/04/2022,16.1,19.4,13.3,1.9,1.9,38698.33,44277.69,7.1,3.23
20/04/2022,17.3,21.1,14.2,2.5,2.5,40247.65,44299.42,9,4.15
21/04/2022,16.4,20.2,13.3,4.1,4.1,26315.43,44321.05,4.3,3.06
22/04/2022,15.9,19.8,12.8,9.8,9.8,29439.45,44342.57,5.8,2.99
23/04/2022,15.8,18.7,12.7,9.1,9.1,18233.57,44363.95,7.2,2.26
24/04/2022,16.9,20.7,13.8,4.4,4.4,32400,44385.19,6.2,3.67
25/04/2022,16.2,20.8,13.3,1.5,1.5,32799.58,44406.26,8.2,3.52
26/04/2022,16.3,20.9,12.6,2.6,2.6,38342.1,44427.14,7.3,3.65
27/04/2022,16.9,21.4,12.9,1.4,1.4,39909.08,44447.82,5.5,4.26
28/04/2022,16.4,20.8,13.7,9.6,9.6,28097.35,44468.28,6.4,2.89
29/04/2022,16.6,20.7,13.3,8,8,36328.35,44488.5,6.6,3.46
30/04/2022,16.3,20.1,13.4,3.3,3.3,40052.96,44508.46,11.1,3.47
1/05/2022,16.1,19.8,14,0.3,0.3,34845.13,44528.13,14.3,3.29
2/05/2022,17,21,14.6,0,0,40449.93,44547.51,13.8,4.16
3/05/2022,17.2,21.2,13.8,2.2,2.2,38769.23,44566.58,6.9,4.26
4/05/2022,16.7,20.7,13.9,1.2,1.2,40253.89,44585.46,9.1,3.74
5/05/2022,15.9,19.3,13.7,4.7,4.7,28822.91,44604.21,13.3,2.84
6/05/2022,16.2,18.7,13.9,2,2,36392.12,44622.81,13,3.19
7/05/2022,16.8,20.6,13.8,0,0,33809.93,44641.24,11.4,3.74
8/05/2022,16.8,20.6,14.3,0.1,0.1,33581.27,44659.48,11.9,3.46
9/05/2022,16.5,19.8,14.8,1.7,1.7,36516.04,44677.52,20.2,3.18
10/05/2022,16,18.2,14.7,7.5,7.5,32457.3,44695.34,19.9,2.58
11/05/2022,15.2,16.8,13.8,27.7,27.7,36463.32,44712.93,26.2,2.39
12/05/2022,15.5,17.4,13.7,6.6,6.6,38117.7,44730.26,22.3,2.58
13/05/2022,16,17.1,15.5,49.8,49.8,18631.76,44747.32,22.6,1.78
14/05/2022,15.9,16.7,15.2,59.3,59.3,256.3,44764.09,26.2,1.07
15/05/2022,15.3,16.4,14.5,37.9,37.9,3852.14,44780.54,24.5,1.29
16/05/2022,15.8,17.9,14.1,25.6,25.6,24926.34,44796.68,25.3,2.37
17/05/2022,16.3,18.3,15.1,16.1,16.1,31427.78,44812.46,26,2.23
18/05/2022,16.3,17.9,15.5,16.4,16.4,34505.1,44827.88,27.2,2.75
19/05/2022,16.2,18.5,14.7,12.8,12.8,36055.46,44842.92,23.8,2.84
20/05/2022,16.1,18.9,14.8,5.9,5.9,38587.66,44857.55,22.2,3.1
21/05/2022,15.9,19.4,14.5,6.6,6.6,36568.46,44871.75,22.5,3.09
22/05/2022,15.4,18.8,14,7.3,7.3,39855.55,44885.52,26.7,2.9
23/05/2022,15.4,18,14,10.2,10.2,36888.95,44898.83,20.8,2.8
24/05/2022,15.7,17.2,14.7,6.2,6.2,18886.57,44911.79,18.4,1.8
25/05/2022,16.1,18.4,14.9,2.9,2.9,25919.95,44924.42,14.4,2.46
26/05/2022,15.9,18.6,14.4,2,2,36552.7,44936.71,17.4,2.85
27/05/2022,15.3,18,13.6,3.8,3.8,39883.44,44948.66,20.1,3
28/05/2022,15.5,18.9,13.9,3.7,3.7,37845.09,44960.25,22.4,2.98
29/05/2022,15,16.5,14.2,10,10,17800.13,44971.47,21.9,1.77
30/05/2022,15.5,17.6,14.2,7.4,7.4,26376.45,44982.3,22.9,2.29
31/05/2022,15.1,16.5,14.2,13.7,13.7,8323.44,44992.74,25.8,1.31
1/06/2022,14.9,16.8,13.7,12.9,12.9,19189.18,45002.77,25.8,1.74
2/06/2022,14.7,16,13.2,14.1,14.1,31700.72,45012.38,29.7,2.15
3/06/2022,15.4,17.4,14.2,8.9,8.9,32437.71,45021.56,18.9,2.45
4/06/2022,16.1,19.9,14.3,5.1,5.1,32840.62,45030.29,16.1,3.03
5/06/2022,15.8,19.2,14.2,1.1,1.1,33465.71,45038.55,14.7,2.76
6/06/2022,15.4,17.9,14.3,2.9,2.9,24533.64,45046.36,18.1,2.43
7/06/2022,15.5,17.5,14.3,2.7,2.7,29044.73,45053.68,21.1,2.31
8/06/2022,15.5,18.4,13.9,0.8,0.8,38474.07,45060.5,17.9,3.12
9/06/2022,15.5,18.3,13.8,2.8,2.8,29840.94,45066.82,18,2.42
10/06/2022,15.7,19.2,13.7,0.5,0.5,38821.29,45072.61,16.9,3.23
11/06/2022,15.1,18.4,12.8,1.6,1.6,38663.59,45077.88,18.8,2.88
12/06/2022,15,17.9,13.1,2.1,2.1,36724.53,45082.61,15.2,2.57
13/06/2022,15.2,18.6,12.8,1.2,1.2,38280.91,45086.83,15.1,3.23
14/06/2022,16.1,20.3,12.4,5.6,5.6,32400,45090.56,9.5,3.16
15/06/2022,15.5,18.6,13.6,14,14,26466.85,45093.79,10.2,2.44
16/06/2022,15.5,18.3,13.8,3.6,3.6,11277.72,45096.53,11.9,2.08
17/06/2022,15.2,18.6,13.5,5.4,5.4,28465.91,45098.79,12.9,2.56
18/06/2022,15.9,19,13.3,1.6,1.6,26876.82,45100.54,14,2.62
19/06/2022,15.1,18.2,12.5,12,12,30040.05,45101.8,14.4,2.16
20/06/2022,15.4,18.4,12.5,2.1,2.1,40047.72,45102.58,14.3,2.84
21/06/2022,14.9,16.9,13.3,4.3,4.3,38284.6,45102.86,18.2,2.61
22/06/2022,14.6,17.4,12.7,2.7,2.7,39805.38,45102.65,21,2.78
23/06/2022,15.3,18.7,13.1,1.1,1.1,36000,45101.95,16,3.04
24/06/2022,15.1,17.5,13.9,6.3,6.3,36000,45100.76,19,2.6
25/06/2022,14.6,16.5,13.4,6.1,6.1,37317.81,45099.09,26.6,2.19
26/06/2022,15.1,17.7,13.7,2.2,2.2,27739.41,45096.93,22,2.07
27/06/2022,15.1,18.6,13.6,1.8,1.8,41494.45,45094.29,25.3,3.04
28/06/2022,15.1,18.2,13.7,3.8,3.8,40050.6,45091.16,22.4,2.98
29/06/2022,15.3,18,14,6.9,6.9,36424.03,45087.55,22.7,2.52
30/06/2022,15.3,18.3,14.2,11.3,11.3,31495.48,45083.46,21.3,2.36
1/07/2022,15.9,18.4,13.7,2.6,2.6,40649.97,45078.91,19.6,3.34
2/07/2022,16.3,19.7,13.8,3.5,3.5,35914.61,45073.87,17.3,3.17
3/07/2022,15.3,17,14.3,40.8,40.8,21283.18,45068.31,25.1,1.68
4/07/2022,14.7,17.2,12.7,12.1,12.1,36308.91,45062.21,28.4,2.29
5/07/2022,14.5,15.3,13.9,39.1,39.1,16162.09,45055.59,26.3,1.65
6/07/2022,14.5,16.5,13.6,8.4,8.4,28272.4,45048.47,27.4,1.91
7/07/2022,14.7,15.9,13.5,2.6,2.6,0,45040.85,26,1.36
8/07/2022,15.2,18,13,3.7,3.7,40384.23,45032.75,24.1,3.06
9/07/2022,14.2,16,13.1,13.4,13.4,32653.11,45024.18,28.5,1.9
10/07/2022,14.2,16.1,12.9,8.8,8.8,29963.18,45015.16,26.7,1.95
11/07/2022,13.9,14.8,13.2,19.8,19.8,1039.25,45005.7,25.4,1.08
12/07/2022,14.3,17.1,13.1,2.8,2.8,25826.92,44995.81,23.7,2.14
13/07/2022,13.9,16.3,12.7,9.9,9.9,33185.14,44985.5,25.7,2.24
14/07/2022,14,16.8,12.6,13.1,13.1,38225.86,44974.8,25.7,2.5
15/07/2022,14.8,17.6,13,5.1,5.1,38596.68,44963.71,25.1,2.81
16/07/2022,15.2,18.7,13.4,1.2,1.2,36178.76,44952.25,19.5,3.06
17/07/2022,16.3,19.8,14.1,1,1,30483.87,44940.43,12.6,3.19
18/07/2022,16.4,19.9,14.1,3.5,3.5,30496.82,44928.27,6.7,2.58
19/07/2022,16.5,19.8,14,11,11,39654.98,44915.77,7.2,3.73
20/07/2022,16.2,19.4,13.3,3.1,3.1,34932.09,44902.95,9.4,3.15
21/07/2022,16.4,19.8,14.6,7.4,7.4,31840.83,44889.82,9.8,3
22/07/2022,15.4,17.8,14.4,9.3,9.3,14529.27,44876.4,18.6,1.86
23/07/2022,14.7,17,13.5,9.9,9.9,31858.61,44862.57,25.6,2.12
24/07/2022,14.7,17.8,12.9,2.1,2.1,17681.53,44848.29,26.2,2.35
25/07/2022,16.2,19.8,12.9,1,1,39600,44833.61,13.8,4.01
26/07/2022,16.1,19.8,13.1,3.2,3.2,27162.18,44818.52,9.4,3.17
27/07/2022,16.1,19.3,14,10.3,10.3,25107.23,44803.05,7.2,2.58
28/07/2022,15.7,18.7,13.7,3.5,3.5,12893.81,44787.23,7.6,2.2
29/07/2022,16,18.7,13,6,6,0,44771.07,5.6,1.85
30/07/2022,15.5,20,12.3,2.2,2.2,27001.16,44754.59,8.2,2.84
31/07/2022,15.6,19.8,12.7,3.3,3.3,25374.94,44737.8,10.4,2.89
1/08/2022,14.5,16.3,12.9,56.4,56.4,12628.64,44720.74,29.4,1.3
2/08/2022,14.2,15.4,13.3,54.2,54.2,3600,44703.4,30.4,0.97
3/08/2022,14.3,14.9,13.3,54.1,54.1,466.79,44685.82,30.9,1.04
4/08/2022,14.2,15,13.5,54.2,54.2,2931.39,44668.02,31,1.05
5/08/2022,13.8,14.9,12.9,25.8,25.8,28805.41,44650,34.2,1.75
6/08/2022,14,15.3,13,8.5,8.5,7983.93,44631.78,26.7,1.66
7/08/2022,14,17,12.5,3.5,3.5,34677.72,44613.39,27.4,2.5
8/08/2022,13.6,15.7,12.1,10.2,10.2,32960.52,44594.84,28,2.48
9/08/2022,14.3,17.3,12,2.6,2.6,39715.94,44576.15,26.3,3.19
10/08/2022,14.2,17.9,11.2,0,0,41568.84,44557.33,22.3,3.44
11/08/2022,15,18.6,12.2,0.1,0.1,41552.07,44538.38,26.1,3.43
12/08/2022,15.1,18.8,13.1,3.4,3.4,34282.71,44519.19,23.1,2.78
13/08/2022,15.5,19.4,12.3,1.1,1.1,40476.28,44499.7,14.6,3.4
14/08/2022,16.1,20.2,12.1,2.4,2.4,40029.46,44479.94,8.2,3.58
15/08/2022,16.4,21,12.4,1.8,1.8,39715.98,44459.93,6.5,3.73
16/08/2022,16.9,20.5,12.6,1.9,1.9,39909.86,44439.68,7.2,3.78
17/08/2022,16.2,19.5,12.7,1.1,1.1,39005.91,44419.22,9.2,3.14
18/08/2022,15.6,19.1,13.7,1.6,1.6,32904.54,44398.56,12.4,2.81
19/08/2022,15.4,18.2,13.9,3.9,3.9,32496.86,44377.71,15.9,2.93
20/08/2022,15.8,18.9,13.7,1.8,1.8,34590.27,44356.71,14.3,2.98
21/08/2022,15.2,18.3,13.7,2.5,2.5,33193.68,44335.55,19.9,3.07
22/08/2022,14.9,18,13.8,13,13,30478.9,44314.27,26.3,2.25
23/08/2022,14.6,17.2,13.2,9.5,9.5,31467.25,44292.88,27.2,2.5
24/08/2022,14.3,15.4,13.6,12.7,12.7,8827.61,44271.39,24.1,1.44
25/08/2022,14.9,18.1,13.1,5.2,5.2,27115.17,44249.82,17.6,2.63
26/08/2022,15.2,18.3,13.5,8.8,8.8,11570.3,44228.19,18.1,2.11
27/08/2022,14.7,17.4,13,10.9,10.9,24524.44,44206.5,22.5,2.37
28/08/2022,14.6,17.8,12.9,3.3,3.3,36439.49,44184.79,23.6,2.94
29/08/2022,15.5,19.2,13.3,13.8,13.8,35302.66,44163.06,13.9,2.88
30/08/2022,15.9,19.5,14,34.2,34.2,18531.95,44141.32,8.2,2.39
31/08/2022,14.8,15.8,14,41,41,0,44119.59,16.7,1.03
1/09/2022,14.3,15.7,13.3,18.1,18.1,8094.34,44097.73,19.7,1.51
2/09/2022,14.7,17.6,13.1,9.6,9.6,33574.54,44075.69,23,2.68
3/09/2022,14.8,17.7,13.4,4.3,4.3,25138.73,44053.49,22,2.3
4/09/2022,15.7,19.2,14.2,4.5,4.5,30710.48,44031.15,16.3,2.61
5/09/2022,15.6,17.6,14.3,42.9,42.9,15253.43,44008.68,26.7,1.91
6/09/2022,13.6,14.9,12.6,13.2,13.2,654.78,43986.1,29.3,0.96
7/09/2022,14.1,16.4,13,10.3,10.3,23883.66,43963.42,27.1,1.94
8/09/2022,14.6,18.3,12.9,1.3,1.3,37970.16,43940.66,25.4,3.01
9/09/2022,14.4,17.8,12.7,3.9,3.9,39600,43917.85,22.1,2.98
10/09/2022,14.7,18.6,12.9,2.5,2.5,38139.71,43894.97,25.2,3.14
11/09/2022,15,18.7,13.3,1.4,1.4,39600,43872.07,21.9,3.38
12/09/2022,14.9,18.9,11.9,1.4,1.4,39600,43849.15,17.8,3.49
13/09/2022,15.1,19.8,11.2,0,0,36106.96,43826.22,12.3,3.47
14/09/2022,15.5,20.2,10.8,1.3,1.3,39604.45,43803.29,10.4,3.68
15/09/2022,15.7,19.2,13.5,2.8,2.8,39600,43780.39,12,3.46
16/09/2022,15.9,19.8,12.1,0,0,39664.36,43757.53,9.7,3.85
17/09/2022,16.2,20,11.8,0,0,39982.61,43734.71,11.2,4.13
18/09/2022,15,19.6,11.2,0.1,0.1,39600,43711.96,13.6,3.6
19/09/2022,15.2,19,13.1,1.3,1.3,36000,43689.3,16.5,3.17
20/09/2022,15.4,18.9,13.4,1.4,1.4,36944.92,43666.71,17.6,3.43
21/09/2022,15.4,19.1,12.9,0.2,0.2,39658.51,43644.07,16.3,3.55
22/09/2022,15.2,19.1,12.9,0.6,0.6,39726.3,43621.32,18.3,3.31
23/09/2022,15.1,18.9,13,0.3,0.3,39600.86,43598.49,19.1,3.42
24/09/2022,15,19,12.6,0,0,39666.12,43575.59,19.6,3.63
25/09/2022,16.6,20.7,13,3,3,39600,43552.64,9.2,4.15
26/09/2022,15.4,19.1,12.3,8.4,8.4,26613.36,43529.65,8.8,2.45
27/09/2022,15.4,20.1,10.5,1,1,39655.36,43506.63,9.4,3.78
28/09/2022,14.7,18.5,12.3,4.3,4.3,29444.64,43483.61,16.1,2.78
29/09/2022,15.1,18.7,12.7,2.7,2.7,39653.57,43460.59,19.5,3.24
30/09/2022,15.1,18.3,13,5.2,5.2,38371.36,43437.59,24.3,3.07
1/10/2022,14.2,15.4,13,25,25,26021,43414.63,31.1,1.77
2/10/2022,14.6,16.2,13.6,41.4,41.4,28284.6,43391.72,27.4,1.79
3/10/2022,14.6,16.1,13.8,18.8,18.8,14846.05,43368.88,24.5,1.68
4/10/2022,15.2,18,13,1.9,1.9,35201.89,43346.12,13.9,2.95
5/10/2022,14.6,17.8,13.1,1.9,1.9,31186.38,43323.46,17.3,2.7
6/10/2022,14.4,16.6,13,5.1,5.1,22233.3,43300.91,19.1,2.09
7/10/2022,14.4,17.9,12.1,0.9,0.9,38444.35,43278.49,14.9,3.02
8/10/2022,15.1,19.1,12.3,2.6,2.6,36312.81,43256.21,10.8,3.18
9/10/2022,15.6,19.5,11.7,6.9,6.9,33924.84,43234.1,5.6,3.32
10/10/2022,15.5,19.1,12.6,17.8,17.8,29316.59,43212.15,7.2,2.97
11/10/2022,15.2,19.3,11.8,3.4,3.4,35805.34,43190.21,7.2,3.14
12/10/2022,15.1,18.7,11.6,10.8,10.8,33130.54,43168.24,11.9,2.58
13/10/2022,15.6,18.5,14.1,24.2,24.2,10948.61,43146.25,9.1,1.95
14/10/2022,15.3,17.6,14.1,26.9,26.9,22688.9,43124.27,13,2.06
15/10/2022,14.9,16.9,13.7,14,14,12869.98,43102.3,13.1,1.7
16/10/2022,15.3,18.7,12.9,4.6,4.6,28148.68,43080.36,13.4,2.57
17/10/2022,15.1,18.8,13.8,10.4,10.4,16711.29,43058.48,13.8,1.78
18/10/2022,14.5,17.2,13.2,12.3,12.3,23152.66,43036.66,23.1,1.92
19/10/2022,15.1,17.5,13.8,7.5,7.5,18401.79,43014.94,19.1,2.06
20/10/2022,14.7,16.4,13.4,14.2,14.2,7366.46,42993.32,18.7,1.4
21/10/2022,14.8,16.2,14,19.5,19.5,383.26,42971.82,14.9,1.1
22/10/2022,15.3,18.9,13.3,1.6,1.6,25721.78,42950.46,7.1,2.68
23/10/2022,14.9,18.4,12.3,4.1,4.1,36215.5,42929.27,13.4,2.99
24/10/2022,15,18.1,13.8,6,6,23112.78,42908.25,13.6,2.23
25/10/2022,15.4,18.8,12.9,2.8,2.8,28914.81,42887.43,12.7,2.78
26/10/2022,15.5,18.9,12.5,4.3,4.3,29813.86,42866.83,9.5,2.84
27/10/2022,14.7,19.1,10.8,10.1,10.1,39506.94,42846.46,11.2,3.2
28/10/2022,15.1,19.1,12.2,0.2,0.2,39982.48,42826.34,10.5,4.19
29/10/2022,15.2,19.4,10.5,0.9,0.9,39892.58,42806.51,9,3.9
30/10/2022,15.3,18.4,11.5,6.6,6.6,20853.26,42786.96,6.3,2.37
31/10/2022,16.2,19.9,13.2,25.4,25.4,25403.44,42767.53,6.8,3.02
1/11/2022,15,17.9,13.3,31.6,31.6,14746.6,42748.17,16.5,1.49
2/11/2022,15.1,18.9,13,3.8,3.8,21026.49,42728.91,9.8,2.26
3/11/2022,14.8,17.6,12.9,2.3,2.3,17768.49,42709.75,12.1,1.83
4/11/2022,15.5,18.7,13,4.7,4.7,22009.51,42690.73,8.7,2.16
5/11/2022,15.2,17.2,13.5,41.7,41.7,8019.22,42671.86,8,1.4
6/11/2022,15.4,19.5,11.3,1.4,1.4,29410.34,42653.15,12.4,3.04
7/11/2022,14.4,18.9,9.7,7.9,7.9,25958.91,42634.64,10.4,2.77
8/11/2022,15.4,18.4,13.6,3.1,3.1,19042.08,42616.34,12.9,2.21
9/11/2022,15.5,17.9,13.9,4,4,13287.57,42598.27,8.9,2.06
10/11/2022,15,18.8,12.4,0.2,0.2,32865.73,42580.46,9.4,2.69
11/11/2022,15.3,19.2,12.8,19.3,19.3,36000,42562.92,11.9,3.49
12/11/2022,15.2,18.1,13.6,6.3,6.3,23727.7,42545.67,12.2,2.07
13/11/2022,15.4,18.7,13,11.5,11.5,20889.3,42528.74,7.7,2.16
14/11/2022,15.3,18.4,12.9,4.8,4.8,22457.54,42512.14,6.5,2.32
15/11/2022,15.1,18.3,12.6,0.6,0.6,32766.22,42495.91,5.8,2.63
16/11/2022,15.2,18.5,12.7,1.2,1.2,33029.41,42480.07,11,2.96
17/11/2022,14.9,17.7,12.3,0,0,39268.99,42464.62,11.3,3.79
18/11/2022,15.1,18.5,12.5,0,0,28800,42449.62,8.1,3.62
19/11/2022,13.9,15.9,12,0.1,0.1,7908.8,42435.05,9.5,1.74
20/11/2022,14.5,18.7,11.3,0,0,27475.26,42420.79,11.2,3.1
21/11/2022,14.7,18.5,12.1,0,0,39463.16,42406.77,13.8,4
22/11/2022,14.9,19.2,11.3,0,0,39369.46,42393.02,12.1,3.67
23/11/2022,13.4,17.2,10,2.3,2.3,39377.19,42379.57,17.7,3.02
24/11/2022,14.2,18.1,10.6,1.5,1.5,39310.36,42366.41,17,2.83
25/11/2022,15.5,19.4,11.3,0.6,0.6,39394.98,42353.58,10.8,3.74
26/11/2022,15.7,19.6,13.6,2.6,2.6,39404.89,42341.09,11.2,3.12
27/11/2022,15.1,18.7,11.5,4.8,4.8,32398.99,42328.95,8.9,2.82
28/11/2022,15.4,19.2,13.1,7.1,7.1,28800,42317.18,9.2,2.86
29/11/2022,15.1,19,11.7,2.4,2.4,31977.46,42305.81,8.8,3.3
30/11/2022,15.9,20.3,12.3,0,0,39387.59,42294.84,5.6,4.04
1/12/2022,15,19.9,11,2.5,2.5,39213.35,42284.3,6.8,3.46
2/12/2022,15.1,19.3,11.8,3.3,3.3,32501.62,42274.21,8.4,2.85
3/12/2022,15.1,19.2,11.4,6.3,6.3,33538.68,42264.57,10,2.95
4/12/2022,15,19,12.5,11.8,11.8,25200,42255.42,10.8,2.53
5/12/2022,15,18.5,12.3,2.1,2.1,33555.64,42246.77,9.2,2.81
6/12/2022,15.2,18.7,12.4,0.2,0.2,18000,42238.62,8.9,2.54
7/12/2022,13.8,17.4,12,0.2,0.2,6099.35,42231.02,11.2,1.62
8/12/2022,12.2,14.5,10.9,3.7,3.7,61.68,42223.96,18.8,1.8
9/12/2022,12.2,14.1,10.2,3.6,3.6,8398.8,42217.48,26.7,1.5
10/12/2022,13.7,15.8,12.1,10.2,10.2,31298.63,42211.48,21.3,1.98
11/12/2022,13.4,15.8,10.8,13.8,13.8,14306.31,42205.95,17.5,1.43
12/12/2022,14.3,17.5,11.8,6.1,6.1,33703.95,42200.89,12.6,2.41
13/12/2022,15.5,18.6,12.1,0,0,39523.08,42196.3,10.2,3.66
14/12/2022,14.3,18.8,11.1,2,2,37190.21,42192.19,6.8,3.02
15/12/2022,14.1,18.6,10.5,1.4,1.4,39154.6,42188.56,7.3,3.38
16/12/2022,14.4,19.2,10,1.2,1.2,39163.71,42185.42,7.3,3.53
17/12/2022,14.1,17.3,10.4,11.1,11.1,24556.31,42182.77,14.7,2.6
18/12/2022,13.9,15,12.5,16,16,1142.08,42180.61,14.7,0.94
19/12/2022,14.9,16.6,13.9,27.3,27.3,0,42178.95,14.6,1.04
20/12/2022,15.2,17.8,13.7,3.6,3.6,23332.9,42177.79,17.6,2.11
21/12/2022,15.1,17.7,13.5,4.1,4.1,32389.23,42177.12,14,2.27
22/12/2022,14.7,18.4,11.4,5.1,5.1,28945.13,42176.97,8,2.49
23/12/2022,15.9,18.8,13.9,0.5,0.5,39209.57,42177.32,12.1,3.19
24/12/2022,14.9,17.2,12.7,4.8,4.8,24733.51,42178.19,11,1.92
25/12/2022,15.2,17,14.2,22.7,22.7,6607.54,42179.57,14,1.27
26/12/2022,15.7,19.6,12.4,1,1,36244.25,42181.46,9.2,2.72
27/12/2022,15.4,20.2,11.5,0.4,0.4,39095.57,42183.87,9.4,3.43
28/12/2022,15.2,18.6,12.4,3.7,3.7,39069.28,42186.8,10.2,2.91
29/12/2022,14.3,18.1,9.7,0,0,39073.87,42190.27,13.4,3.4
30/12/2022,13,18.4,8,0.1,0.1,39019.38,42194.29,8,3.87
31/12/2022,12.8,18.3,8.3,0.2,0.2,34618.36,42198.88,12.6,3.69
1/01/2023,12.4,18.7,7.3,0.3,0.3,39104.29,42204.02,10.9,4.06
2/01/2023,12.7,17.8,7.8,0,0,38946.56,42209.7,11.9,3.74
3/01/2023,13,18.2,7.9,1.2,1.2,38941.26,42215.91,10.1,3.29
4/01/2023,13.5,18.8,8.2,3.4,3.4,36700.72,42222.63,8.8,3.75
5/01/2023,14.7,18.6,11.5,0.5,0.5,38888.4,42229.85,12.7,3.12
6/01/2023,15.3,18.6,13.6,3.2,3.2,38482.81,42237.56,11.4,2.74
7/01/2023,14.9,17.8,13.2,3.2,3.2,37087.08,42245.74,13.3,2.5
8/01/2023,14.6,18.6,12.6,3.4,3.4,35347.86,42254.38,15.3,2.6
9/01/2023,14.8,19,11.4,0,0,38791.8,42263.46,9.2,3.44
10/01/2023,14.4,19.3,8.4,2.5,2.5,38227.39,42272.98,8,3.49
11/01/2023,13.2,19.5,6.6,0,0,39262.14,42282.9,7.9,4.39
12/01/2023,12.4,18.9,6.6,0.5,0.5,39251.12,42293.24,8.4,4.28
13/01/2023,14.2,19.7,6.3,1.2,1.2,39084.16,42303.96,6.5,3.83
14/01/2023,15,19.4,10.5,0.9,0.9,38703.5,42315.06,4.8,4.07
15/01/2023,15.4,18.9,12.4,1,1,37472.68,42326.52,4.3,3.06
16/01/2023,14.9,18.6,12,9.5,9.5,24275.38,42338.33,6.2,2.63
17/01/2023,14.7,18.5,11.4,1.7,1.7,29053.96,42350.48,6.6,2.64
18/01/2023,14.6,18.9,10.9,0.2,0.2,39195.95,42362.95,11.4,3.62
19/01/2023,12.1,16.6,6.6,0,0,39275.71,42375.88,13.3,3.63
20/01/2023,13.1,18.7,8.3,0,0,38656.41,42389.31,14.1,3.63
21/01/2023,13.2,15.1,11.3,15.9,15.9,14.59,42403.21,15,1.02
22/01/2023,13.9,16.4,12.5,9.8,9.8,6596.29,42417.55,14.1,1.37
23/01/2023,14.9,18.9,12,7.4,7.4,31325.72,42432.32,13.8,2.65
24/01/2023,15,18.1,13.4,2.9,2.9,33075.04,42447.48,10.7,2.37
25/01/2023,14.8,19.1,12,0.6,0.6,39346.8,42463.04,5,3.81
26/01/2023,14.4,19,9.6,1.8,1.8,38597.43,42478.94,6.4,3.65
27/01/2023,14.7,18.1,11.9,1.2,1.2,28594.64,42495.18,5.4,2.71
28/01/2023,14.6,19.6,11.9,2.3,2.3,38592.57,42511.73,13.3,3.32
29/01/2023,13.7,18.6,7.4,1.5,1.5,39056.38,42528.59,9.5,3.66
30/01/2023,14.7,18.6,9.9,2,2,39055.43,42545.7,12,3.21
31/01/2023,13.8,16,11.7,14.4,14.4,7385.51,42563.07,12.1,1.34
1/02/2023,14.6,17,13,9.3,9.3,28712.26,42580.68,13.7,2.43
2/02/2023,15.9,19.2,13.5,8.3,8.3,31073.56,42598.49,12.1,2.59
3/02/2023,15.7,17.8,14.2,4.6,4.6,29614.78,42616.49,16.6,2.08
4/02/2023,15.3,19,12.3,13.2,13.2,33925.65,42634.66,15,3.05
5/02/2023,15.9,19.5,12.9,0.7,0.7,35237.05,42652.98,10.3,3.43
6/02/2023,14.9,17.5,12.5,5.3,5.3,16061.03,42671.45,11.8,1.93
7/02/2023,15.5,18.7,13.3,3.2,3.2,33978.93,42690.02,12,2.73
8/02/2023,14.5,18.9,10.7,0,0,40202.94,42708.89,9.9,3.88
9/02/2023,14.1,19.7,9.2,0.3,0.3,39400.83,42728.09,10.8,4.31
10/02/2023,14.1,19.3,8.2,3.4,3.4,39098.01,42747.61,8.7,3.8
11/02/2023,15.6,19.7,11.1,2.3,2.3,35584.65,42767.42,12.3,3.24
12/02/2023,15.4,19.5,10.9,1.8,1.8,38803.36,42787.5,8.4,3.12
13/02/2023,14.9,20.6,9.7,0.7,0.7,39340.06,42807.84,6.6,4.56
14/02/2023,15,19.5,10,1.6,1.6,39669.58,42828.4,7.6,4.28
15/02/2023,15.1,20.2,9.2,0,0,40366.4,42849.17,8.2,4.87
16/02/2023,14,20.9,8.4,0,0,40390.54,42870.14,10.2,4.95
17/02/2023,14.2,19.6,9,0,0,40414.78,42891.27,11.3,4.2
18/02/2023,15.2,20,10.6,0.3,0.3,39838.29,42912.55,10.9,3.94
19/02/2023,15.3,18.2,13.8,13.4,13.4,22595.01,42933.96,10.9,2.32
20/02/2023,15.4,18.3,14,9.2,9.2,11728.93,42955.48,9.7,1.89
21/02/2023,15.6,19.2,11.4,1.9,1.9,39250.35,42977.08,8.1,3.55
22/02/2023,14.4,19.4,7.6,2.6,2.6,39054.37,42998.77,8.3,3.94
23/02/2023,15.2,19.9,11.1,1.5,1.5,39929.72,43020.5,8.3,3.8
24/02/2023,15.1,19.4,10.9,6.4,6.4,31875.91,43042.27,8.9,3.07
25/02/2023,15.3,19.8,12.4,1.7,1.7,34104.93,43064.05,8.7,3.73
26/02/2023,13.4,19.5,6.2,0,0,40634.11,43085.83,9.3,4.93
27/02/2023,14.3,18.7,9.8,6.9,6.9,36781.41,43107.59,14.1,3.49
28/02/2023,15.1,17.1,13.5,15.9,15.9,17658.56,43129.51,15.2,1.76
1/03/2023,14.9,17.6,12.3,2.8,2.8,36531.3,43151.64,16.6,2.64
2/03/2023,14.2,17.8,11.8,0,0,31803.48,43173.94,17.5,3.13
3/03/2023,14.4,18.6,10.8,3.1,3.1,38727.75,43196.42,13.3,3.14
4/03/2023,15.1,18,13.7,8.2,8.2,25714.62,43219.04,16.2,2.28
5/03/2023,15.1,17.9,12.6,0.2,0.2,26275.29,43241.8,16.6,2.6
6/03/2023,15.2,20.3,11.5,1.4,1.4,38105.21,43264.68,11.2,4
7/03/2023,14.8,19.1,11.8,0.9,0.9,39135.29,43287.65,11.2,3.4
8/03/2023,15,19.3,12.1,1.3,1.3,35950.87,43310.71,15,3.3
9/03/2023,15.6,20.2,12,1.2,1.2,40039.2,43333.84,12.6,4.09
10/03/2023,15.3,18.2,13.6,1.5,1.5,8232.12,43357.01,11.5,2.1
11/03/2023,15.3,19.9,12.3,6.3,6.3,27575.17,43380.22,9.8,3.1
12/03/2023,15.5,19.2,13.6,2.5,2.5,32672.45,43403.45,13.7,2.72
13/03/2023,15.4,19.2,13.6,5.9,5.9,16621.13,43426.67,15.5,2.4
14/03/2023,15.2,19.5,11.8,1,1,31685.19,43449.88,8.7,3.72
15/03/2023,15.2,19.7,10.8,2.3,2.3,34122.4,43473.07,5.4,3.36
16/03/2023,15.3,19.6,12.1,2.8,2.8,25650.55,43496.2,7.2,2.79
17/03/2023,15.8,20.3,11.3,0.8,0.8,40999.05,43519.26,6.7,4.55
18/03/2023,15.8,20.4,11.8,3.2,3.2,37184.41,43542.25,6.4,3.9
19/03/2023,15.9,20.4,12.2,3.7,3.7,32248.8,43565.14,7.3,3.4
20/03/2023,15.5,18.8,13.2,15.3,15.3,22420.09,43588.09,8.7,2.52
21/03/2023,16.2,21.5,12.3,4.9,4.9,35927.98,43611.16,8.5,3.85
22/03/2023,15.7,20.7,11.4,2.3,2.3,39556.88,43634.33,9.2,3.81
23/03/2023,15.3,19.2,12.2,12.9,12.9,33593.41,43657.57,5.7,2.91
24/03/2023,16.1,21.2,12.2,1,1,40443.48,43680.88,7.9,4.58
25/03/2023,15.8,20.9,11.2,0.3,0.3,41169.1,43704.24,6.9,4.5
26/03/2023,15.6,20.7,10.6,0.3,0.3,41167.02,43727.64,7,4.65
27/03/2023,15.7,20.5,11.3,1.1,1.1,41164.94,43751.05,9,4.36
28/03/2023,15.8,21.1,10.7,0,0,41210.78,43774.47,8,4.93
29/03/2023,16.4,21,11.5,0.8,0.8,41058.03,43797.88,8.6,4.69
30/03/2023,15.8,21,11.6,2.4,2.4,40543.89,43821.26,6.8,4.69
31/03/2023,16.1,21.6,10.9,0.3,0.3,41156.62,43844.61,6.5,4.91
1/04/2023,15.8,21,10.8,1.8,1.8,40440.87,43867.89,10.5,4.59
2/04/2023,15.5,19.7,12.3,2.6,2.6,38106.36,43891.1,6.6,3.59
3/04/2023,15.9,20.7,12,1.8,1.8,40135.89,43914.22,7.1,4.09
4/04/2023,15.1,19.7,11.9,9.8,9.8,38799.52,43937.23,5.5,3.33
5/04/2023,16,21.5,11.9,1.2,1.2,40440.02,43960.12,8.6,4.01
6/04/2023,16,21.2,11.2,0.2,0.2,39834.72,43982.88,8.7,4.64
7/04/2023,15.3,20.8,10.5,0.9,0.9,40469.3,44005.47,9.4,4.6
8/04/2023,15,19.8,10.6,3.6,3.6,35324.12,44027.89,6.9,3.5
9/04/2023,15.6,20.3,12,0.6,0.6,41041.91,44050.3,6.5,4.45
10/04/2023,15.6,20.7,11.8,1.6,1.6,40666.48,44072.74,10.5,3.96
11/04/2023,15.6,20.3,12.2,0,0,41193.42,44095.19,14,4.46
12/04/2023,16.2,21.3,11.7,0,0,40862.39,44117.62,13.7,4.5
13/04/2023,16.8,22.4,12.3,0,0,40739.02,44140.05,9,4.79
14/04/2023,16.8,22.7,11.8,0.1,0.1,40313.37,44162.43,8.7,4.92
15/04/2023,16.5,22.3,11,0,0,40141.98,44184.77,8.3,4.92
16/04/2023,16.6,21.8,12.2,1.6,1.6,40766.56,44207.03,8.4,4.56
17/04/2023,16.8,22.1,12,0.5,0.5,40528.03,44229.21,8.2,4.7
18/04/2023,17.1,22.6,12.5,0.9,0.9,40926.39,44251.29,7,4.72
19/04/2023,17.3,22.9,12.3,0,0,41224.74,44273.24,8.4,4.83
20/04/2023,17,21.9,12.7,1.3,1.3,40445.24,44295.07,7.4,4.29
21/04/2023,16.7,21.3,13,8.3,8.3,37994.7,44316.73,5.2,3.64
22/04/2023,16.3,21.2,13.5,19.6,19.6,26690.12,44338.24,7,2.86
23/04/2023,16.7,21.4,12.8,28.1,28.1,32197.37,44359.55,4.9,3.35
24/04/2023,16.6,21.5,13.8,2.7,2.7,23998.32,44380.65,6.8,3.06
25/04/2023,16.5,20.2,13.2,4,4,26931.17,44401.52,6.5,3.26
26/04/2023,16.4,20.2,13.5,2.3,2.3,30616.51,44422.15,8.1,3.25
27/04/2023,16.5,20.3,13.5,3.8,3.8,31732.22,44442.51,10.6,3.13
28/04/2023,16.6,20.9,13.6,7,7,29089.19,44462.6,10.2,3.39
29/04/2023,16.1,19.5,13.8,5.8,5.8,17551.51,44482.54,7.6,2.32
30/04/2023,16.4,20.7,13,10.4,10.4,23080.13,44502.39,9.2,2.73
1/05/2023,16.7,20.2,14.2,12.6,12.6,29436.18,44522.14,12,3.09
2/05/2023,16.8,20.1,13.6,9.4,9.4,16199.37,44541.75,8,2.21
3/05/2023,15.8,18.2,13.7,12.8,12.8,17151.9,44561.21,13.4,1.82
4/05/2023,17,20.5,15,14.8,14.8,30422.03,44580.52,10.5,3.21
5/05/2023,14.9,15.9,13.8,4.6,4.6,0,44599.64,18.4,1.18
6/05/2023,16.2,19.6,14.3,2.2,2.2,25967.63,44618.57,12.5,2.87
7/05/2023,15.3,17.1,14.3,5.7,5.7,6858.96,44637.29,19.6,1.41
8/05/2023,16.1,19.5,14.2,3.6,3.6,29377.88,44655.77,13.5,2.77
9/05/2023,16,18.2,13.9,3.2,3.2,16945.26,44674,16.2,2.06
10/05/2023,16.5,19.8,14.7,2.3,2.3,29520.76,44691.96,13.8,2.79
11/05/2023,16.9,20.3,14.5,2.4,2.4,36844.11,44709.64,16.9,3.06
12/05/2023,16.8,19.7,15.3,1.4,1.4,36000,44727.01,18.2,3.19
13/05/2023,16.5,18.4,15.1,3.1,3.1,32658.38,44744.05,23.1,2.71
14/05/2023,17.3,20.6,15.2,0.3,0.3,32298.96,44760.75,15.6,3.15
15/05/2023,17.6,21.2,15,0.1,0.1,36156.45,44777.07,14.6,3.81
16/05/2023,18,23.5,13.7,0,0,40195.59,44793.02,8.9,4.58
17/05/2023,17.8,23,12.8,0,0,40195.88,44808.55,12.5,4.5
18/05/2023,17.2,21.7,14.1,2.9,2.9,40425.17,44823.67,8.8,3.78
19/05/2023,17.3,21.6,13.3,1,1,39934.46,44838.48,7.2,4.16
20/05/2023,16.9,20.8,14.1,1.3,1.3,37087.74,44853.02,7.9,3.55
21/05/2023,16.9,21,13.9,2.5,2.5,40282.85,44867.27,7.1,3.57
22/05/2023,16.5,20.9,13,13.7,13.7,39642.06,44881.22,7.2,3.57
23/05/2023,16.8,20.7,13,4.5,4.5,39920.18,44894.86,6.5,3.85
24/05/2023,17.8,22,13.2,1,1,39663.27,44908.17,8,4.32
25/05/2023,16.3,20.9,11.9,0,0,40583.21,44921.14,11.9,3.93
26/05/2023,16.4,20.6,13.3,0.1,0.1,40596.58,44933.75,13.3,3.73
27/05/2023,16.7,21.2,12.8,1.4,1.4,38587.33,44946,9,3.82
28/05/2023,17.4,21.5,14.1,1.7,1.7,40601.59,44957.85,5.5,4.11
29/05/2023,17.4,21.7,14,4.3,4.3,40244.41,44969.3,6.6,3.84
30/05/2023,17.2,20.8,14,3.6,3.6,39802.95,44980.35,7.6,3.62
31/05/2023,17,20.9,13.8,2.4,2.4,40654.25,44990.96,9.4,3.93
1/06/2023,16.4,20.2,13.3,0.5,0.5,40647.1,45001.12,15.8,3.68
2/06/2023,16.8,20.3,14.5,1.2,1.2,39600,45010.83,14,3.75
3/06/2023,17.1,21.7,14.6,2.2,2.2,34886.02,45020.06,10.7,3.54
4/06/2023,16.7,19.5,14.9,2.6,2.6,38426.97,45028.8,13.5,3.26
5/06/2023,16.5,20,13.8,1.6,1.6,40063.15,45037.04,12.5,3.24
6/06/2023,16.8,20.5,15,2.6,2.6,38893.83,45044.75,13,3.29
7/06/2023,16.5,19.7,15.3,5.8,5.8,31243.48,45051.95,18.2,2.71
8/06/2023,16.2,18.7,14.7,4.6,4.6,36799.75,45058.66,18.4,2.96
9/06/2023,16.1,19.6,13.6,1.1,1.1,40400.52,45064.91,16.2,3.31
10/06/2023,16.2,19.9,14.3,2.1,2.1,40059.96,45070.71,21.6,3.31
11/06/2023,16.1,18.5,14.1,3.6,3.6,39944.79,45076.04,17.7,3.02
12/06/2023,16.3,18.9,14.6,3.9,3.9,36728.64,45080.9,17.3,2.91
13/06/2023,15.8,18.6,13.8,3.3,3.3,29365.23,45085.3,19.4,2.51
14/06/2023,16.1,19.1,14.4,1.4,1.4,32135.91,45089.21,18.4,2.95
15/06/2023,16.8,20.7,14,0.6,0.6,33183.88,45092.65,13.3,3.28
16/06/2023,16.1,19.3,14,2.3,2.3,34374.77,45095.61,17.4,3.08
17/06/2023,15.5,18.5,14.2,2.3,2.3,22619.3,45098.08,18.9,2.43
18/06/2023,15.2,16.9,13.9,5.8,5.8,29748.08,45100.06,20,2.14
19/06/2023,15.8,19.5,13.6,0.5,0.5,34683.82,45101.55,18.5,3.03
20/06/2023,16.7,20.9,15,2.5,2.5,39810.22,45102.56,18.8,3.38
21/06/2023,16.7,19.9,15.2,6.1,6.1,34635.55,45103.06,18.3,2.8
22/06/2023,16.4,19.8,14.2,1.9,1.9,35977.34,45103.07,18.9,3.04
23/06/2023,16.3,19.8,13.9,2.1,2.1,36000,45102.57,18.5,3.24
24/06/2023,15.8,19.5,13,1.8,1.8,40763.74,45101.58,19.8,3.28
25/06/2023,16.2,19.6,13.8,5.5,5.5,32161.13,45100.09,22.6,2.82
26/06/2023,15.5,17.5,14.6,9.8,9.8,34294.93,45098.08,23.7,2.44
27/06/2023,15.8,18.9,14.6,6.2,6.2,36215.61,45095.57,19.5,2.77
28/06/2023,15.8,18.8,13.7,2.2,2.2,40400.45,45092.52,13.2,2.71
29/06/2023,15.7,19.1,14,4.3,4.3,35243.41,45088.94,16.6,2.68
30/06/2023,16,18.9,13.9,1.7,1.7,33240.54,45084.82,14.5,2.87
1/07/2023,15.9,18.6,14.3,3.9,3.9,34497.13,45080.19,18.2,2.81
2/07/2023,15.6,17.7,14.6,6.7,6.7,20957.5,45075.05,14.7,2.15
3/07/2023,15.1,17,13.8,21,21,13152.09,45069.41,28.1,1.59
4/07/2023,14.5,16.4,13.4,33.2,33.2,4426.34,45063.28,30,1.01
5/07/2023,14.9,15.6,14.3,49.7,49.7,166.21,45056.68,26.8,0.93
6/07/2023,15.4,16.9,14.5,11.6,11.6,131.58,45049.61,20.5,1.16
7/07/2023,15.4,18.3,13.7,3.8,3.8,38427.2,45042.08,16.2,2.77
8/07/2023,15.2,18.4,12.8,0.8,0.8,22902.76,45034.11,15.2,2.16
9/07/2023,15.9,20,12.6,0.5,0.5,39893.5,45025.71,10.9,3.53
10/07/2023,15.6,18.4,13.8,1.4,1.4,32749.47,45016.88,13.7,2.77
11/07/2023,15.9,18.6,13.5,1.6,1.6,31794.11,45007.65,14.4,2.91
12/07/2023,15.5,19.4,11.9,0,0,40759.49,44998.02,14.8,3.8
13/07/2023,15.7,19.1,13.6,2.1,2.1,39209.54,44987.99,14.2,2.87
14/07/2023,15.8,18.6,14,3.4,3.4,38705.92,44977.59,16.2,2.98
15/07/2023,15.9,19.3,14,2.1,2.1,34775.68,44966.82,12.2,3.07
16/07/2023,16.1,19.5,14.2,3.6,3.6,39022.68,44955.7,15.5,2.95
17/07/2023,15.5,18.6,13.8,4.1,4.1,34116.29,44944.22,19.4,2.85
18/07/2023,14.9,17.5,13.1,8,8,37525.51,44932.3,26.5,2.47
19/07/2023,14.6,16.4,13.6,5.9,5.9,37027.24,44919.91,31.9,2.27
20/07/2023,14.9,17.4,13.7,7.8,7.8,36704.32,44907.05,26.1,2.71
21/07/2023,15.1,18.6,13.3,1.9,1.9,40376.95,44893.78,28.8,3.07
22/07/2023,14.9,17.9,13.3,3.5,3.5,41760.03,44880.09,31,2.78
23/07/2023,15.1,17.6,13.8,5.7,5.7,40622.17,44866,24.8,2.83
24/07/2023,14.6,16.4,13.9,13.4,13.4,30203.6,44851.53,23.2,2.18
25/07/2023,14.8,16.6,13.8,6.6,6.6,21307.89,44836.7,19.4,2.13
26/07/2023,15.4,17.6,13.7,5.6,5.6,31367.78,44821.53,20.1,2.57
27/07/2023,15.7,19.1,13.4,1.5,1.5,41475.19,44806.04,13.7,3.2
28/07/2023,15.9,19.7,13.1,0.1,0.1,41471.84,44790.24,12.9,3.79
29/07/2023,15.7,19.6,13.5,1.2,1.2,37868.33,44774.16,20.5,3.51
30/07/2023,15.8,19.9,12.6,0.4,0.4,40977.87,44757.8,12.8,3.77
31/07/2023,15.4,19.1,13.1,1.7,1.7,37666,44741.19,14.7,3.16
1/08/2023,15.3,19.3,12.7,0.3,0.3,33783.3,44724.35,16.3,3.32
2/08/2023,15,18.4,13,0.2,0.2,41056.26,44707.28,17.6,2.81
3/08/2023,15.8,19.1,13.4,1.6,1.6,41208.18,44690.02,16,3.51
4/08/2023,15.9,20.3,12.5,0.6,0.6,36886,44672.57,13.8,3.72
5/08/2023,16.8,20.5,12.5,1,1,40365.72,44654.94,7.7,3.86
6/08/2023,17.2,21.6,13.5,1.3,1.3,39304.08,44637.16,10.6,4.23
7/08/2023,16,19.5,13.3,0.9,0.9,37119.73,44619.07,15.7,3.56
8/08/2023,16.1,20.2,13.6,0.6,0.6,37581.16,44600.66,14.2,3.58
9/08/2023,16.3,20.1,13.9,1.7,1.7,39600,44581.95,11.3,3.4
10/08/2023,16.4,20.1,13.7,0.9,0.9,30844.53,44562.94,9.4,3.12
11/08/2023,16.2,20.8,12.5,20.3,20.3,29562.41,44543.66,9,3.38
12/08/2023,15.7,18.7,13.7,1.8,1.8,37932.57,44524.12,13.8,2.94
13/08/2023,15.7,18.9,13.6,3.7,3.7,37433.93,44504.36,13.1,3.07
14/08/2023,15.4,18.7,13,1.1,1.1,25453.71,44484.38,12.4,2.71
15/08/2023,15.9,20.2,12.5,0.2,0.2,40484.82,44464.21,10,3.59
16/08/2023,16.1,20.7,11.9,0.4,0.4,38071.81,44443.86,13.8,3.68
17/08/2023,15.8,19.3,13.6,0.2,0.2,40135.71,44423.34,19.2,3.68
18/08/2023,15.6,19.2,13.4,2.9,2.9,39914.43,44402.69,21.4,3.35
19/08/2023,15.3,18.3,13.2,1.4,1.4,40467.97,44381.91,25.1,3.32
20/08/2023,15.6,19.9,11.9,0.4,0.4,40685.03,44361.02,12.8,3.73
21/08/2023,16.6,21.6,11.5,1.7,1.7,40464.34,44340.03,9.8,4.25
22/08/2023,17.2,21.1,14.5,3.7,3.7,38754.45,44318.97,6.5,3.61
23/08/2023,16.4,20.1,13.3,2,2,39819.38,44297.84,12.1,3.54
24/08/2023,16,20.1,12.4,0.1,0.1,40563.87,44276.68,9.8,4.15
25/08/2023,16.1,20.9,11.5,1.7,1.7,40560.52,44255.48,10,4.18
26/08/2023,16.9,22,12.2,1.3,1.3,40140.89,44234.26,10.4,3.99
27/08/2023,16.4,21.3,12.4,3.3,3.3,38915.82,44212.88,11.1,3.75
28/08/2023,16.4,20.2,14.1,1.8,1.8,39733.01,44191.29,13.5,3.64
29/08/2023,16.1,20,12.7,3.3,3.3,39600,44169.53,17.1,3.39
30/08/2023,16.3,20.3,14.1,10.8,10.8,20793.65,44147.59,13.8,2.3
31/08/2023,16.6,21.3,14.6,11.4,11.4,24823.02,44125.51,8.5,2.62
1/09/2023,16.6,19.6,14.4,7.4,7.4,29829.8,44103.29,12.9,2.68
2/09/2023,16.4,18.7,15.1,7.9,7.9,23688.91,44080.96,18.2,2.19
3/09/2023,15.9,18.2,14.4,7.2,7.2,11826.62,44058.52,19,1.76
4/09/2023,14.9,16,14,21.5,21.5,17059.27,44036,26.8,1.68
5/09/2023,15.3,16.8,14.5,25.4,25.4,19654.04,44013.4,21.4,1.84
6/09/2023,15.8,17.3,15.1,7.2,7.2,5737.71,43990.74,19.6,1.42
7/09/2023,16.1,18.1,15,4.7,4.7,17993.46,43968.05,16.5,2.23
8/09/2023,15.6,18.8,14.3,4.8,4.8,26391.47,43945.33,22,2.82
9/09/2023,15.7,18.9,14.1,2.2,2.2,37858.49,43922.59,17.6,2.93
10/09/2023,15.5,17.6,14.3,4.9,4.9,23903.01,43899.86,20.2,2.37
11/09/2023,15.5,18.2,13.8,18.1,18.1,22088.32,43877.15,16.9,2.23
12/09/2023,15.2,17.8,13.8,6.2,6.2,19391.72,43854.47,18.3,1.92
13/09/2023,16,19.3,14.1,5,5,31177.3,43831.84,19,2.93
14/09/2023,15.8,17.7,14.6,3.7,3.7,30606.18,43809.26,16.3,2.3
15/09/2023,16.4,20.4,13.9,0.7,0.7,39600,43786.75,15.1,3.41
16/09/2023,16.2,20.6,13.1,1.2,1.2,39215.43,43764.16,14,3.39
17/09/2023,15.9,20.2,12.8,7.2,7.2,28205.43,43741.45,10.1,3.01
18/09/2023,16.1,19.3,14.1,5.2,5.2,28759.55,43718.65,9.5,2.73
19/09/2023,15.6,18.8,13.4,12,12,22001.27,43695.76,11.7,2.7
20/09/2023,15.9,19.6,13.5,10.7,10.7,12253.44,43672.8,8,2.09
21/09/2023,16.3,20.6,12.7,2.3,2.3,35684.93,43649.77,7.6,3.79
22/09/2023,15.9,19.9,12.1,9.6,9.6,34638.87,43626.71,11.2,3.29
23/09/2023,15.8,20.8,13.4,8,8,29670.53,43603.63,14,2.92
24/09/2023,15.6,18.7,13,1.8,1.8,37527.33,43580.53,14.8,2.9
25/09/2023,15.6,18.5,13.9,4.5,4.5,29579.77,43557.44,14.5,2.77
26/09/2023,15.8,18.4,14.2,5,5,39600,43534.36,16.7,3.06
27/09/2023,15.7,18.6,14.1,6.3,6.3,29068.27,43511.32,14.5,2.62
28/09/2023,15.4,17.3,14.2,6.5,6.5,26571.21,43488.32,21.6,2.07
29/09/2023,15.5,17.6,14.6,9.8,9.8,13453.08,43465.38,19.8,1.77
30/09/2023,16.6,20,14.7,9.3,9.3,34867.94,43442.52,17.4,3.26
1/10/2023,16.2,19.5,14.6,7.9,7.9,25696.51,43419.76,15.7,2.76
2/10/2023,16.3,19.7,14.6,10.9,10.9,28960.96,43397.1,13.5,2.5
3/10/2023,16.8,20.2,15,11.7,11.7,29102.81,43374.55,11,2.84
4/10/2023,16.9,19.8,15.1,1.6,1.6,32001.53,43352.15,13.2,2.6
5/10/2023,16,17.9,15.1,7.2,7.2,13264.23,43329.89,15.2,1.69
6/10/2023,16.5,19.3,15,6.4,6.4,18112.95,43307.62,8.5,2.14
7/10/2023,16.7,19.9,14.7,21.6,21.6,29598.07,43285.3,7.1,2.98
8/10/2023,16.7,19.4,13.9,7.9,7.9,24113.22,43262.93,4.9,2.63
9/10/2023,16.3,19.5,13.7,31.2,31.2,28081.4,43240.55,4.3,2.56
10/10/2023,16.4,19.3,13.9,89,89,22605.72,43218.16,6.1,2.58
11/10/2023,16,19,14.5,16.4,16.4,17604.88,43195.79,7.6,2.09
12/10/2023,16.2,19.4,13.9,8,8,28085.04,43173.45,9,2.78
13/10/2023,16.1,19,14.1,12.8,12.8,13037.69,43151.14,4.1,2.24
14/10/2023,15.8,19.3,13.7,16.8,16.8,15931.18,43128.91,7.3,1.91
15/10/2023,14.9,17.9,12.8,28.6,28.6,15386.63,43106.75,11.5,1.66
16/10/2023,16.5,19.5,13.1,0,0,39795.1,43084.7,9.7,3.56
17/10/2023,16,18.8,13.5,10.2,10.2,26040.99,43062.75,9.4,2.81
18/10/2023,15.4,17.1,14.1,26.9,26.9,0,43040.93,7.6,1.37
19/10/2023,15.3,18.5,13.3,17.3,17.3,16101.06,43019.27,6.4,1.71
20/10/2023,15.5,18.7,13.2,21.2,21.2,15025.44,42997.78,6.3,1.95
21/10/2023,15.7,18.4,13.5,11.9,11.9,15664.93,42976.46,7.9,1.88
22/10/2023,15.8,18.1,13.5,36.1,36.1,24142.88,42955.36,8.7,2.22
23/10/2023,15.7,18.1,13.8,6.8,6.8,17503.12,42934.47,4.6,1.7
24/10/2023,15.6,19.3,12.9,23.1,23.1,28714.24,42913.83,5.6,2.92
25/10/2023,15.7,19.3,12.9,2.4,2.4,39822.54,42893.43,7.7,3.86
26/10/2023,15.8,20.1,11.9,0,0,39952.31,42873.12,9.6,4.22
27/10/2023,15.7,20.5,11.8,2.6,2.6,38066.75,42852.86,6.9,4.13
28/10/2023,15.7,19.4,12.6,10.7,10.7,28181.03,42832.65,5.9,2.88
29/10/2023,15.7,19.1,13,12.8,12.8,29651.48,42812.51,5.2,2.98
30/10/2023,15.4,19,12.2,11.7,11.7,31725.54,42792.47,5.4,3.02
31/10/2023,15.6,19.6,12.7,4,4,39579.11,42772.54,6.9,3.36
1/11/2023,15.9,19.3,12.9,12.1,12.1,32168.76,42752.75,4.9,3
2/11/2023,15.5,18.9,13,13.4,13.4,9307.7,42733.11,4.8,2.1
3/11/2023,16,19.2,12.9,41.2,41.2,18557.89,42713.64,6.5,2.01
4/11/2023,16,19.5,13,7.6,7.6,26188.91,42694.37,6.2,2.62
5/11/2023,16.1,19.9,14.6,36.3,36.3,18000,42675.31,3.9,2.25
6/11/2023,16.1,19.8,13.3,10.7,10.7,32174.09,42656.49,7.1,3.42
7/11/2023,16.1,19.7,13.6,9.5,9.5,33287.57,42637.93,5.6,3
8/11/2023,16,19.5,13.2,25.4,25.4,23474.23,42619.64,5.4,2.63
9/11/2023,15.7,18.6,13.3,60.6,60.6,16247.17,42601.64,6.9,2.1
10/11/2023,16,19.1,13.9,55.5,55.5,28891.71,42583.97,6.9,2.47
11/11/2023,15.9,20,12.8,4.7,4.7,34918.51,42566.64,8.3,3.11
12/11/2023,15.8,18.8,12.4,6.5,6.5,29709.15,42549.68,8.1,2.68
13/11/2023,16,19,14,52.8,52.8,19723.23,42533.11,6.1,2.23
14/11/2023,15.8,17.7,14.1,14.3,14.3,5147.7,42516.94,9.2,1.23
15/11/2023,15.9,19.1,13.8,4,4,28324.57,42501.01,13,2.54
16/11/2023,16.4,19.6,14,6.3,6.3,22738.58,42485.29,8.5,2.7
17/11/2023,16.6,20.3,13.9,9.9,9.9,22563.88,42469.78,6.4,2.47
18/11/2023,16.3,20.3,13.8,54.6,54.6,25750.41,42454.5,5.5,2.51
19/11/2023,16.3,19.3,14,37.7,37.7,21344.13,42439.48,6,2.13
20/11/2023,16.3,19.5,14,14.8,14.8,23721.63,42424.74,5.9,2.34
21/11/2023,16.4,20.5,13.5,52.9,52.9,21484.23,42410.29,4.7,2.45
22/11/2023,16.2,18.8,14.4,39,39,21188.96,42396.14,6.9,2.21
23/11/2023,16.1,20.1,12.5,9.7,9.7,38450.77,42382.33,6.6,3.04
24/11/2023,15.3,20.2,11,0.3,0.3,39431.72,42368.87,8.4,3.92
25/11/2023,15.7,19.4,12.9,1.9,1.9,39352.62,42355.77,10.3,3.52
26/11/2023,15.3,19.1,10.8,1.9,1.9,39331.72,42343.07,14.1,3.05
27/11/2023,16.2,19.9,13.8,2.1,2.1,33002.43,42330.77,13,2.79
28/11/2023,16.1,19.6,14.4,14.9,14.9,20950.42,42318.9,7.9,2.21
29/11/2023,16,19.4,14.1,3.1,3.1,18528.08,42307.48,5.7,2.49
30/11/2023,15.8,19.2,13.4,9.6,9.6,18000,42296.54,9.2,2.16
1/12/2023,15.9,18.9,13.9,22.8,22.8,20604.1,42286.07,10,2.05
2/12/2023,15.3,17.1,14.1,13.2,13.2,3844.13,42276.12,11.3,1.2
3/12/2023,15.8,18.9,13.6,5.2,5.2,26508.18,42266.7,16.1,2.28
4/12/2023,16,17.5,14.8,8.1,8.1,1112.95,42257.83,13.7,1.17
5/12/2023,16.3,19.4,14.4,2.4,2.4,29468.51,42249.4,12.8,2.57
6/12/2023,16.2,19.6,13.5,6.5,6.5,28431.83,42241.39,8.8,2.71
7/12/2023,16.4,20.2,12.9,18.9,18.9,30548.41,42233.8,4.6,2.86
8/12/2023,16.3,19.5,14.2,59,59,23061.45,42226.64,6,2.2
9/12/2023,15.7,19.8,13.4,19.9,19.9,27844.07,42219.92,5.5,2.52
10/12/2023,15.6,19.9,12.7,5.2,5.2,30133.02,42213.64,8.8,2.71
11/12/2023,16.3,20.8,12.4,0.9,0.9,37362.35,42207.83,6.3,3.75
12/12/2023,15.5,18.7,13.3,9.3,9.3,17056.06,42202.48,7.9,1.78
13/12/2023,15.9,19,13.9,3,3,31457.1,42197.6,8.8,2.55
14/12/2023,16.5,19.6,15,11.8,11.8,24416.27,42193.2,12.5,2.56
15/12/2023,16,17.8,15.2,26.1,26.1,12445.41,42189.29,10.9,1.36
16/12/2023,16.4,19.3,14.9,9.9,9.9,16479.93,42185.88,8.7,1.82
17/12/2023,17,20.6,14.8,7.5,7.5,30500.22,42182.97,9.7,2.83
18/12/2023,15.9,19.2,13.3,73.9,73.9,18632.36,42180.57,6.2,1.91
19/12/2023,15.9,19.2,13.7,7.4,7.4,28672.57,42178.69,10.1,2.34
20/12/2023,16,19.1,13.7,3.5,3.5,32367.04,42177.34,14.2,2.53
21/12/2023,15.8,20,12.9,0.1,0.1,39275.14,42176.52,14.4,3.38
22/12/2023,15.5,19.6,12.6,0,0,38642.29,42176.23,8.8,3.75
23/12/2023,15.1,19.8,10.1,0,0,39217.68,42176.5,7.3,3.88
24/12/2023,15.7,20,13.2,4.5,4.5,37429.08,42177.32,10.7,3.27
25/12/2023,15.5,19.4,12.5,0.6,0.6,39163.14,42178.71,13.4,3.4
26/12/2023,15.3,18.9,11,2.5,2.5,39135.96,42180.66,14.3,2.71
27/12/2023,16.3,17.9,15.5,8.3,8.3,28823.71,42183.15,16.7,1.8
28/12/2023,16.1,17.8,15.5,15.4,15.4,5592.97,42186.18,18.2,1.38
29/12/2023,16.1,18.8,14.6,8.3,8.3,18232.31,42189.75,14.9,2.01
30/12/2023,16,18.9,14.5,6,6,30209.05,42193.84,15.7,2.41
31/12/2023,16.1,19.7,14.4,5,5,29498.37,42198.43,14.4,2.69
1/01/2024,16.1,19.1,14.2,31.1,31.1,25062.55,42203.53,7.2,2.31
2/01/2024,16.5,20.6,14.2,18.3,18.3,26896.27,42209.12,9.7,2.61
3/01/2024,16.3,20.1,13.4,2.1,2.1,38181.25,42215.2,7.4,3.2
4/01/2024,16.4,19.9,13.9,5.5,5.5,37522.68,42221.74,10,3.16
5/01/2024,16.5,19.9,14.2,3.6,3.6,37284.98,42228.75,11.8,3.35
6/01/2024,16.1,19.9,13.3,17.2,17.2,29335.74,42236.22,6.1,3.09
7/01/2024,15.7,19.3,12.7,3.4,3.4,28724.49,42244.12,7.6,2.69
8/01/2024,15.7,18.5,13.5,4,4,4984.79,42252.46,10.8,1.68
9/01/2024,15.8,17.7,14.7,12.9,12.9,2925.72,42261.21,18.8,1.41
10/01/2024,15.6,16.7,14.5,20.9,20.9,0,42270.39,17.3,0.77
11/01/2024,16,19.9,13,9.2,9.2,34886.83,42279.96,14.8,2.87
12/01/2024,14.6,18.7,11.7,0,0,39251.07,42289.92,13.7,3.36
13/01/2024,14.7,19.4,11.3,0,0,39086.02,42300.27,8.5,3.58
14/01/2024,13.7,19.1,8.9,0,0,39311.69,42311.12,10.8,3.56
15/01/2024,13.8,19.3,8.1,0.9,0.9,38693.69,42322.5,6.4,3.68
16/01/2024,13.6,19.2,7.8,3.1,3.1,33849.59,42334.38,7.6,3.38
17/01/2024,15.1,20.4,9.3,0.1,0.1,38668.64,42346.74,6.5,3.84
18/01/2024,16,20.6,12.6,0.9,0.9,37128.48,42359.55,8.5,3.68
19/01/2024,15.7,19.5,12,3.4,3.4,38761.92,42372.82,6.2,3.3
20/01/2024,16.2,19.6,13.3,2.6,2.6,37409.74,42386.49,10.1,3.04
21/01/2024,16.5,20.2,13.3,1.5,1.5,39091.13,42400.57,5.8,3.78
22/01/2024,16.5,20.9,12.2,2.5,2.5,39533.38,42415.02,6,4.07
23/01/2024,15.4,20.1,10.6,0.1,0.1,39805.61,42429.82,6.6,4.29
24/01/2024,13.9,19.6,8.8,0,0,39884.65,42444.97,6.8,4.46
25/01/2024,13.2,19.7,6.6,0,0,39718.75,42460.43,6.6,4.38
26/01/2024,14.1,20,7.1,0.7,0.7,39627.2,42476.18,7.4,4.21
27/01/2024,15.6,20.3,9.4,0.3,0.3,39153.86,42492.21,7.1,4.2
28/01/2024,15.9,19.4,13.6,2.5,2.5,38198.06,42508.49,8.4,3.17
29/01/2024,15.6,18.8,12.2,4.1,4.1,36473.03,42525.02,11.3,2.35
30/01/2024,16.7,19.5,13.9,7.3,7.3,29318.33,42541.75,6.5,2.76
31/01/2024,15.8,19.1,13.1,12.8,12.8,19627.28,42558.7,8,1.99
1/02/2024,16.3,19.2,13.2,12.2,12.2,24189.22,42575.81,7.6,2.56
2/02/2024,16,20.7,12,1.1,1.1,39252.76,42593.1,7.4,4.05
3/02/2024,15.4,20.6,10.9,0,0,40085.97,42610.72,8,4.51
4/02/2024,15.3,18.9,11.2,3.3,3.3,39361.8,42628.72,8,3.3
5/02/2024,16.2,20.1,13.8,2.5,2.5,39448.54,42647.07,9.6,3.25
6/02/2024,15.3,21.2,10.4,0,0,40151.65,42665.76,7.6,4.47
7/02/2024,14.6,20.4,10.1,0,0,40174.2,42684.76,7.3,4.58
8/02/2024,15,19.5,10.9,0,0,38874.72,42704.05,18.9,4.87
9/02/2024,14.4,18.6,11.5,0,0,40220.11,42723.61,15.1,4.22
10/02/2024,14.2,18.1,11,0,0,40243.41,42743.4,19.7,3.55
11/02/2024,14.4,18.8,11.1,0,0,40256.22,42763.43,14.4,3.64
12/02/2024,15.5,20,11.6,0.2,0.2,39553.25,42783.65,14.3,3.65
13/02/2024,15.6,19.9,12.4,1.5,1.5,40285.45,42804.06,15.8,3.26
14/02/2024,16.6,20.2,14.2,5.5,5.5,33160.68,42824.63,14.8,3.12
15/02/2024,16.8,20.5,14.5,6.7,6.7,25467.29,42845.34,9,2.62
16/02/2024,15.9,19.4,12.7,3.2,3.2,35463.58,42866.18,14.5,2.82
17/02/2024,16.2,20.2,12.7,0,0,40244.39,42887.12,14.6,3.8
18/02/2024,16,21.3,11.2,0,0,40434.39,42908.13,9.6,4.65
19/02/2024,15.9,21.1,11,0,0,40458.45,42929.21,9.5,4.68
20/02/2024,16.4,21.6,11.8,5.9,5.9,37004.54,42950.34,6.7,3.92
21/02/2024,17.7,22.5,13.3,0.5,0.5,40506.44,42971.5,15.6,4.18
22/02/2024,17.1,21.4,11.9,0.1,0.1,40530.27,42992.66,13.2,4.37
23/02/2024,17,22.1,12.6,0.2,0.2,40456.75,43014.01,13.5,4.39
24/02/2024,16.3,21.5,11.8,0,0,40154.46,43035.59,8.6,4.58
25/02/2024,16.4,22.1,11.5,0.1,0.1,40602.2,43057.39,9.3,4.67
26/02/2024,16.6,21.2,13.2,0.9,0.9,40195.66,43079.38,16.9,3.8
27/02/2024,16.8,20.7,14.1,0.6,0.6,40217.36,43101.55,14.3,3.74
28/02/2024,16.4,20.8,12.9,2,2,39581.81,43123.88,10,3.71
29/02/2024,16,21.4,11.1,0.9,0.9,38976.57,43146.36,6.8,4.43
1/03/2024,15.6,21.9,11,1.1,1.1,39642.08,43168.95,7.5,4
2/03/2024,16,21.2,11.4,0.6,0.6,37498.69,43191.66,7,4.07
3/03/2024,15.9,21.9,10.2,0.7,0.7,39905.75,43214.46,8.4,4.73
4/03/2024,16.1,23,10.2,0,0,40798.46,43237.32,8.4,5.33
5/03/2024,17.1,22.8,11.3,0,0,40823.06,43260.24,8.3,5.19
6/03/2024,16.7,21.1,11.9,0.6,0.6,36140.86,43283.2,11,3.92
7/03/2024,17.5,22.8,12.5,0,0,37171.82,43306.19,9.5,4.73
8/03/2024,16.2,22.5,11.2,4.1,4.1,40461.56,43329.17,8.7,4.35
9/03/2024,16.2,22.3,10.7,0,0,40920.75,43352.14,9.2,5.25
10/03/2024,15.8,21.7,10.7,0,0,40944.9,43375.09,13.2,5.3
11/03/2024,15.7,21,11.4,0,0,40968.92,43397.98,10.7,5.01
12/03/2024,16.7,22.5,11.6,3.5,3.5,39716.31,43420.8,8.8,4.75
13/03/2024,17.1,23.2,10.9,0,0,40146.65,43443.56,12,4.99
14/03/2024,18,23.1,12.6,0,0,41039.71,43466.41,12.2,5.08
15/03/2024,17.5,23.8,11.7,2,2,40961.45,43489.37,8.9,4.95
16/03/2024,16.8,23.6,11.6,1,1,41086.55,43512.46,6.8,4.98
17/03/2024,16.8,23.7,9.9,0,0,41110,43535.65,7.6,5.32
18/03/2024,16.8,22.6,11.3,0,0,40937.29,43558.93,7.8,5.19
19/03/2024,16.6,23,11.1,2.2,2.2,36651.16,43582.27,6.5,4.46
20/03/2024,17.3,24.3,10.5,0.3,0.3,39664.38,43605.67,5.8,4.94
21/03/2024,17,21.9,13.6,3.5,3.5,31109.62,43629.11,9.3,3.34
22/03/2024,16.9,20.6,13.7,4,4,33843.07,43652.58,6.3,2.98
23/03/2024,17,22,13.8,3,3,36489.13,43676.05,6.9,3.82
24/03/2024,16.7,21.7,13.1,2,2,29381.61,43699.52,6.4,3.58
25/03/2024,17,22.4,12.2,0,0,41224.5,43722.96,8.3,4.72
26/03/2024,17.4,22,12,2.2,2.2,38602.67,43746.38,7.8,4.4
27/03/2024,16.8,21,13.7,11.8,11.8,33071.71,43769.73,6.1,3.28
28/03/2024,17.1,21.7,13.8,2.2,2.2,41160.55,43793.02,6.4,4.22
29/03/2024,17,22,12.3,0,0,41196.03,43816.22,7.9,4.99
30/03/2024,17.1,22.7,12,0.3,0.3,40952.31,43839.32,6.9,4.98
31/03/2024,16.8,21.8,12.5,1.3,1.3,40644.95,43862.3,9.8,4.43
1/04/2024,17.5,22.3,12.8,0.8,0.8,40135.28,43885.15,10.5,4.5
2/04/2024,17.8,23,13.6,3,3,37275.4,43907.86,8.7,4.24
3/04/2024,17.8,22.9,13.7,1.6,1.6,39831.86,43930.56,8.7,4.37
4/04/2024,17.3,22.8,12.8,5.7,5.7,41047.75,43953.32,7.3,4.34
5/04/2024,17.9,24.2,13.1,0.3,0.3,41152.62,43976.12,10.7,4.91
6/04/2024,17.9,23.8,12.8,0.8,0.8,40742.6,43998.93,9.4,5.02
7/04/2024,17.4,23.2,11.7,1,1,40238.76,44021.75,9,4.88
8/04/2024,17.2,23.5,12,0.5,0.5,40467.86,44044.56,11.1,4.95
9/04/2024,16.8,22.2,11.7,0,0,40612.23,44067.34,11,5.14
10/04/2024,17.3,23.6,11.4,0.7,0.7,40665.04,44090.08,6.8,4.75
11/04/2024,17.1,22.2,13.3,3.2,3.2,25200,44112.77,7.4,3.24
12/04/2024,16.5,20.6,14.4,15.8,15.8,18037.37,44135.37,9.9,2.42
13/04/2024,17,21.5,13.3,6.4,6.4,38755.85,44157.89,10.8,4.12
14/04/2024,16.8,21.1,13.7,8,8,33754.95,44180.3,10.9,3.55
15/04/2024,17.3,21.5,14.4,5.8,5.8,27274.25,44202.59,9.7,3.11
16/04/2024,17.5,21.2,14.3,5.6,5.6,40159.64,44224.73,7.4,3.58
17/04/2024,17.2,21.8,13.7,2.5,2.5,40707.5,44246.71,8.7,4.49
18/04/2024,17.8,22.4,14,0.4,0.4,41026.17,44268.52,10.6,4.79
19/04/2024,17.8,22.8,12.7,0.3,0.3,41100.15,44290.12,10,4.84
20/04/2024,18,23.2,12.8,0,0,40733.23,44311.52,10.5,4.88
21/04/2024,18.2,23.5,13.3,0.8,0.8,40934.81,44332.69,8.6,4.93
22/04/2024,17.9,23.5,12.9,0.3,0.3,40211.14,44353.61,10.9,4.95
23/04/2024,18.2,23.6,12.6,0,0,40410.96,44374.43,8.8,4.91
24/04/2024,17.8,23.5,12.8,2,2,40610.56,44395.19,9.4,4.8
25/04/2024,17.8,23.4,12.1,0,0,39922.89,44415.88,8,4.97
26/04/2024,18.1,24,13.1,0.4,0.4,39600,44436.47,7.2,4.78
27/04/2024,18,23.1,13.8,4.9,4.9,32670.22,44456.96,11,4.12
28/04/2024,18.7,23.8,15.2,1.7,1.7,40816.86,44477.32,10.1,4.37
29/04/2024,17.9,22,14.6,3.2,3.2,39708.77,44497.55,8.8,3.6
30/04/2024,18.3,22.9,14.6,2.4,2.4,39638.12,44517.61,11.2,4.19
1/05/2024,19,24,14.6,1.9,1.9,40625.34,44537.5,8.9,4.75
2/05/2024,19.7,24.5,14.5,0,0,40177.22,44557.2,10.4,4.96
3/05/2024,19.6,23.8,15.8,0.8,0.8,39600,44576.69,8.8,4.55
4/05/2024,18.7,23.4,13.8,1.3,1.3,40155.15,44595.94,11.4,4.27
5/05/2024,18.9,24.4,14.7,0.2,0.2,40553.89,44614.94,10.7,4.65
6/05/2024,19.2,24.8,14.9,0,0,40634.36,44633.68,13.1,4.84
7/05/2024,18.6,23.6,14.4,1.1,1.1,40376.21,44652.13,7.9,4.31
8/05/2024,17.9,21.8,14.4,3.3,3.3,31029.67,44670.26,10.5,3.49
9/05/2024,17.5,21.9,14.9,30.4,30.4,25860.28,44688.08,6.1,2.92
10/05/2024,17.3,20.4,14.8,7.8,7.8,17202.12,44705.54,6,2.36
11/05/2024,17.6,21.8,14.7,25.1,25.1,35592.13,44722.63,6.9,3.28
12/05/2024,17.5,21.4,15,18.1,18.1,27695.56,44739.34,5.2,3.02
13/05/2024,17.6,21.5,14.6,4.8,4.8,30674.54,44755.79,6.7,3.45
14/05/2024,17.5,21.2,15,34.1,34.1,27437.83,44772.02,6,3.08
15/05/2024,17.9,21.7,15.3,3.2,3.2,29256.48,44788.02,6,2.87
16/05/2024,17.5,20.5,15.1,3.4,3.4,5114.38,44803.76,5.6,2.01
17/05/2024,17.5,20.9,15.5,6.3,6.3,26413.11,44819.23,8.4,2.71
18/05/2024,16.9,19.4,14.6,20.5,20.5,8374.2,44834.43,14.3,1.91
19/05/2024,16.4,18.7,14.3,6.6,6.6,21359.85,44849.32,16.6,2.02
20/05/2024,15.8,16.9,14.5,35,35,0,44863.9,24.4,0.68
21/05/2024,16.1,17.5,14.9,19.5,19.5,10576.51,44878.15,24.6,1.77
22/05/2024,16.4,17.6,15.4,48.1,48.1,8224.35,44892.05,37.8,1.17
23/05/2024,16.5,17.6,15.4,65.4,65.4,5692.81,44905.59,34.8,1.16
24/05/2024,16.7,17.8,16.2,46.2,46.2,15751.15,44918.75,31.8,1.55
25/05/2024,16.6,17.5,16.1,61.5,61.5,1162.75,44931.51,29.3,1.02
26/05/2024,16.3,18.2,14.4,33.3,33.3,18000,44943.86,25.4,1.95
27/05/2024,16.8,18.3,15.4,11.3,11.3,15756.23,44955.78,22.6,1.91
28/05/2024,16.5,17.9,15.1,20.5,20.5,24609.78,44967.25,21.1,2.16
29/05/2024,16.7,18.9,15.6,11.4,11.4,28102.99,44978.26,21.3,2.45
30/05/2024,16.9,18.2,16.1,22.3,22.3,23101.23,44988.79,19.9,1.99
31/05/2024,18.5,21.5,16.3,2.6,2.6,39846.83,44998.82,8.7,3.53
1/06/2024,18.3,22.4,16,5.6,5.6,34420.45,45008.34,10.5,3.28
2/06/2024,16.9,19.7,14.9,42.9,42.9,10297.77,45017.42,15.6,1.83
3/06/2024,17.4,19.8,15.6,3.6,3.6,30720.21,45026.09,13,2.65
4/06/2024,18,22.3,14.6,1.7,1.7,36391.72,45034.33,8.8,3.72
5/06/2024,18.5,22.2,15.7,1.8,1.8,37179.2,45042.15,10.5,3.56
6/06/2024,17.5,22,12.9,1.2,1.2,36000,45049.54,9.7,3.46
7/06/2024,18.4,22,15.4,3.4,3.4,36000,45056.48,10.2,3.39
8/06/2024,17.7,21.7,14.5,1.5,1.5,39600,45062.98,14.7,3.24
9/06/2024,16.5,19.8,14.5,6.1,6.1,33718.87,45069.02,18.9,2.63
10/06/2024,16.2,19.2,14.8,4.9,4.9,35269.64,45074.59,22.8,2.92
11/06/2024,16.7,19.6,15,3.9,3.9,39321.09,45079.7,21.3,3.08
12/06/2024,16.5,19.4,14.6,2.5,2.5,33217.28,45084.33,19.9,2.78
13/06/2024,16.6,20.2,13.7,0.2,0.2,38775.54,45088.48,15.7,3.32
14/06/2024,16,19.5,13,0.5,0.5,40054.69,45092.14,16.9,3.43
15/06/2024,16.4,19.4,14.7,3.7,3.7,36219.9,45095.3,20.7,3.12
16/06/2024,16.4,19.9,13.4,1.8,1.8,41342.03,45097.96,18.7,3.42
17/06/2024,16.4,20.8,12.4,1.1,1.1,41319.88,45100.12,14.8,3.53
18/06/2024,16.5,19.8,14.2,1.9,1.9,36804.04,45101.76,15.2,3.14
19/06/2024,16.2,19.5,14.8,2.9,2.9,40197.32,45102.88,19.4,2.74
20/06/2024,16.4,19.3,15.1,5,5,35826.81,45103.48,18.7,2.8
21/06/2024,15.8,18.3,14.3,13,13,37002.2,45103.55,19.9,2.5
22/06/2024,15.8,17.6,15.2,22.1,22.1,13666.88,45103.08,20.2,1.73
23/06/2024,15.5,17.2,14.9,30.1,30.1,7053.64,45102.09,27.5,1.42
24/06/2024,15.6,17.6,14.3,22.6,22.6,14597.54,45100.56,26.2,1.6
25/06/2024,15.7,16.8,15.3,26.3,26.3,6587.07,45098.52,28.2,1.25
26/06/2024,15.1,16,14.1,27.5,27.5,2155.54,45095.96,26.2,1.2
27/06/2024,15.6,18.5,13.9,6.5,6.5,30451.02,45092.9,19.5,2.56
28/06/2024,15.8,19.1,12.3,3.4,3.4,39332.98,45089.34,21.3,3.17
29/06/2024,16,20.1,11.8,0,0,40280.89,45085.29,11.6,3.65
30/06/2024,16.6,20.5,12.6,0.3,0.3,40526.33,45080.76,12.3,3.64
1/07/2024,16.6,19.5,14.7,3.9,3.9,40274.66,45075.75,13.6,3.05
2/07/2024,16.9,20.9,14.5,1.6,1.6,35399.29,45070.27,12.7,3.15
3/07/2024,16.9,20.7,14.5,1.2,1.2,37359.36,45064.33,12.8,3.4
4/07/2024,16.1,19,14.2,4.6,4.6,27310.18,45057.94,14.7,2.47
5/07/2024,16,18.5,13.7,5,5,9229.97,45051.11,16.8,1.98
6/07/2024,15.7,17.8,14.4,4.8,4.8,15661.64,45043.84,17.7,2.11
7/07/2024,16,18.7,14.1,2,2,35928.04,45036.14,16.9,2.9
8/07/2024,15.1,17.2,13.7,8.7,8.7,25304.39,45028.02,16.3,2.01
9/07/2024,15.2,18,13.2,4.8,4.8,39937.18,45019.49,21.3,2.84
10/07/2024,15.7,19,13.3,2.2,2.2,34906.9,45010.56,16,2.81
11/07/2024,16.3,20,13.3,1.4,1.4,41257.06,45001.23,15.4,3.38
12/07/2024,16,19.5,12.6,3,3,41131.83,44991.41,16.1,3.2
13/07/2024,15.7,17.1,14.4,28.5,28.5,23997.84,44981.1,20.5,1.99
14/07/2024,15.5,17.7,14.3,8,8,33978.27,44970.3,23.9,2.44
15/07/2024,15.5,17.2,14.4,22,22,15066.51,44959.04,22.7,1.79
16/07/2024,15.1,16.6,14.3,20,20,26545.22,44947.32,26.5,1.96
17/07/2024,15.1,16.3,14.5,12.4,12.4,4272.95,44935.18,26.9,1.3
18/07/2024,15.1,16.3,14.5,8.6,8.6,6361.27,44922.62,27.4,1.26
19/07/2024,15,18,13.9,6.8,6.8,36099.34,44909.67,31,2.4
20/07/2024,15.9,18.9,14.1,2.4,2.4,40996.66,44896.34,26.3,3.41
21/07/2024,16,19.1,14,0,0,41759.91,44882.64,27.4,3.99
22/07/2024,15.7,18.6,13.3,5.9,5.9,39633.76,44868.6,19.2,3.34
23/07/2024,16.4,19.9,14.2,0.5,0.5,39761.35,44854.23,17.3,3.6
24/07/2024,16.1,19.6,14.1,0.4,0.4,40866.15,44839.55,23.1,3.43
25/07/2024,16,18.9,14.5,4.5,4.5,37256.43,44824.57,24.9,3.06
26/07/2024,15.8,18.9,14.1,2.8,2.8,32090.69,44809.32,31,2.67
27/07/2024,15.8,18.3,14.3,4.8,4.8,40493.33,44793.79,29.9,2.61
28/07/2024,15.2,16.1,14.7,25.7,25.7,23379.48,44778.02,26.3,1.93
29/07/2024,15.6,18.2,13.9,15.6,15.6,20100.76,44762.02,25,2.19
30/07/2024,15.6,18.1,14.3,4,4,22405.15,44745.8,23.6,2.22
31/07/2024,15.8,18.5,14.2,6.7,6.7,37131.53,44729.38,19,2.89
1/08/2024,16.2,19.1,14.6,3.8,3.8,31357.18,44712.61,20.2,2.88
2/08/2024,15.6,17.9,14.3,7.2,7.2,33214.76,44695.48,21.2,2.43
3/08/2024,15.5,18.6,13.5,1.8,1.8,39274.68,44678,15,2.91
4/08/2024,16.8,20.6,13.8,5,5,35389.54,44660.2,9.7,3.51
5/08/2024,16.2,19.3,14,7.2,7.2,34345.21,44642.09,9.9,2.81
6/08/2024,16.3,19.9,13,1,1,32439.44,44623.69,13.1,3.31
7/08/2024,16.3,19.9,13.3,0.3,0.3,40953.73,44605.02,14.1,3.46
8/08/2024,15.1,18.4,12.9,4.5,4.5,30425.29,44586.09,16.4,2.61
9/08/2024,15.8,19.3,13.1,0,0,40363.52,44566.94,14.4,3.75
10/08/2024,15.7,18.4,13.6,2.9,2.9,32384.9,44547.57,17.7,2.96
11/08/2024,16.4,19.1,14.7,5.3,5.3,15571.35,44528.01,8.7,2.44
12/08/2024,16.9,20.4,14.1,9.5,9.5,26828.47,44508.27,8.7,3.04
13/08/2024,16.6,19.9,14.6,17.2,17.2,17196.15,44488.38,8,2.31
14/08/2024,17.1,20.1,14.6,1.5,1.5,27251.72,44468.33,13.5,2.61
15/08/2024,17.2,21.3,14.9,18.1,18.1,36534.74,44448.16,12.9,2.91
16/08/2024,17,20,14.5,22.6,22.6,30405.6,44427.88,11.8,2.75
17/08/2024,16.2,18.1,14.4,14.5,14.5,22346.95,44407.51,18.9,2.12
18/08/2024,16.1,17.5,14.8,7.1,7.1,9855.3,44387.06,14.7,1.86
19/08/2024,17,20.7,15,5.3,5.3,26171.14,44366.55,13.2,2.71
20/08/2024,17.2,20.2,15.2,4.2,4.2,37426.61,44345.98,11.6,2.8
21/08/2024,15.5,17.2,14.1,20.3,20.3,7810.2,44325.23,23.7,1.46
22/08/2024,16.7,20.4,14.2,1,1,19938.84,44304.25,12.7,2.69
23/08/2024,17,21.4,13.9,1.3,1.3,37095.45,44283.05,11,3.38
24/08/2024,16.4,20.2,13.8,1.1,1.1,30840.24,44261.65,16.1,3.26
25/08/2024,15.6,19.2,13.5,1.1,1.1,38852.5,44240.08,20.6,3.34
26/08/2024,15.7,18.9,13.8,0.1,0.1,39624.81,44218.35,25.2,3.69
27/08/2024,15.5,18.5,13.3,0,0,36949.94,44196.47,23.7,3.79
28/08/2024,16,19.2,14,1.6,1.6,32663.56,44174.46,21.3,3.35
29/08/2024,15,16.9,14.1,8.1,8.1,26303.66,44152.35,16.9,2.35
30/08/2024,15.3,17.2,13.9,6.4,6.4,32616.42,44130.14,19.3,2.44
31/08/2024,15.5,17.4,14.8,9,9,21874.42,44107.84,20,2.23
1/09/2024,15.8,17.7,14.9,11.9,11.9,24163.29,44085.49,17.8,2.46
2/09/2024,15.7,18.5,14.7,11.7,11.7,16131.8,44063.08,19.4,2.08
3/09/2024,15.3,16.8,14.4,8.3,8.3,1933.1,44040.64,20,1.47
4/09/2024,15,17.7,13.7,14.4,14.4,11227,44018.19,19.1,1.6
5/09/2024,15.7,19,13.8,3.2,3.2,38011.16,43995.73,20.9,2.75
6/09/2024,15.2,17.6,13.9,5.8,5.8,34075.02,43973.28,24,2.58
7/09/2024,15.7,18.9,14,4.3,4.3,36756.21,43950.86,20.7,3.07
8/09/2024,15.6,18.6,14.2,9.4,9.4,23634.24,43928.48,16.9,2.62
9/09/2024,16.1,19.1,14.4,5.5,5.5,37802.44,43906.14,20,3.14
10/09/2024,15.5,16.8,14.4,9.9,9.9,28833.66,43883.7,20.1,2.3
11/09/2024,15.9,18.3,14.6,4.2,4.2,35649.64,43861.14,17.4,2.96
12/09/2024,16.1,19.7,13.9,1.1,1.1,39600,43838.45,18.1,3.58
13/09/2024,16.5,20.4,14.1,0.8,0.8,37333.46,43815.66,14.2,3.59
14/09/2024,15.7,18.4,14.2,4.5,4.5,30815.15,43792.78,17.5,3.01
15/09/2024,15.7,19.1,14,1.7,1.7,39714.36,43769.83,23.1,3.28
16/09/2024,15.5,17.7,14.3,10.4,10.4,34809.17,43746.81,19.1,2.66
17/09/2024,15.5,18.7,13.4,5.5,5.5,34334.08,43723.76,16.9,2.96
18/09/2024,15.2,18.5,12.2,0.6,0.6,36907.48,43700.67,17.8,3.64
19/09/2024,14.5,18.1,11.5,0.8,0.8,39600,43677.57,16.4,3.47
20/09/2024,15.3,19.1,12.8,0.2,0.2,39600,43654.46,18.2,3.4
21/09/2024,14.9,17.2,13.5,6.8,6.8,35869.22,43631.38,18.7,2.67
22/09/2024,15.2,18.5,12.7,5.6,5.6,32463.15,43608.32,22.7,3.05
23/09/2024,14.8,17.6,12.4,2.4,2.4,39600,43585.31,22,2.8
24/09/2024,15.5,18.6,13.7,8.9,8.9,37442.73,43562.35,23.2,2.94
25/09/2024,15.9,18.4,13.9,7.1,7.1,34107.59,43539.46,16.1,3.05
26/09/2024,16.1,20.1,13,1.8,1.8,37942.64,43516.66,10.4,3.77
27/09/2024,15.9,18.5,13.4,6.9,6.9,26952.91,43493.96,12.6,2.42
28/09/2024,16.9,20.3,14.2,11.3,11.3,31895.02,43471.37,11,3.51
29/09/2024,16.5,20.5,13.7,11.2,11.2,35806.93,43448.91,11.6,3.27
30/09/2024,16.4,20,13.6,17.3,17.3,24445.44,43426.41,5.6,2.74
1/10/2024,16.8,21.4,12.8,1.5,1.5,39864.35,43403.85,5.6,3.89
2/10/2024,16.6,21.3,13.5,8.2,8.2,37038.96,43381.23,8.6,3.53
3/10/2024,16.2,19.8,13.6,3.1,3.1,39036.86,43358.58,14.1,3.48
4/10/2024,16.6,20,13.3,0,0,39793.66,43335.9,12.5,3.89
5/10/2024,16.1,20.1,12.7,2.9,2.9,36719.88,43313.21,11.8,3.62
6/10/2024,16.5,20.3,12.9,8.3,8.3,35462.51,43290.54,6.1,3.41
7/10/2024,15.9,19,14.3,10.1,10.1,15681.66,43267.89,10.1,2.03
8/10/2024,15.6,18.2,13.7,10.5,10.5,17923.88,43245.27,11.6,2.21
9/10/2024,16.1,19.7,13.1,3.3,3.3,26628.83,43222.72,10.8,3.01
10/10/2024,15.6,18.8,13.7,17.9,17.9,8862.65,43200.24,9.7,1.68
11/10/2024,15.3,16.2,14.9,24.1,24.1,501.23,43177.86,20.2,0.97
12/10/2024,15.2,16.4,14.2,13.7,13.7,790.06,43155.57,17.5,1.46
13/10/2024,15.3,17.9,13.8,12.3,12.3,15952.49,43133.41,13.7,1.64
14/10/2024,15,16,14.2,17.2,17.2,4496.83,43111.39,18.7,1.23
15/10/2024,15.4,17.7,14.2,5.8,5.8,23062.12,43089.53,19.3,2.33
16/10/2024,15.8,18.8,14.2,6.4,6.4,36355.8,43067.84,18.8,3.06
17/10/2024,15.4,19.3,12.2,1.5,1.5,39720.56,43046.35,20.9,3.41
18/10/2024,15.4,19.7,11.5,0,0,40020.42,43025.05,15.6,3.89
19/10/2024,16,19.6,11.4,1.6,1.6,40080.97,43003.98,11.7,3.42
20/10/2024,16,19.8,13.2,3.2,3.2,23969.16,42982.96,6.9,2.79
21/10/2024,16.1,19.5,13.5,3.6,3.6,21468.23,42961.95,8.2,2.45
22/10/2024,16.1,19.4,14,3,3,10318.13,42940.97,7.4,1.94
23/10/2024,16.3,20.7,13.5,9.9,9.9,13237.27,42920.04,10,2.04
24/10/2024,16.5,20.1,14.5,3.4,3.4,26896.13,42899.16,15.5,2.79
25/10/2024,16.7,20.2,13,1.1,1.1,39588.8,42878.36,12.8,3.87
26/10/2024,16.2,19.1,13.9,4.2,4.2,32850.68,42857.68,10.4,2.75
27/10/2024,15.9,19.3,14.1,3,3,30979.84,42837.11,12.4,2.82
28/10/2024,16.3,19.1,14.4,2.5,2.5,28800,42816.67,12.6,2.94
29/10/2024,16.5,19.7,14.1,2.3,2.3,32968.01,42796.4,13.1,3.04
30/10/2024,17.3,20.7,14.4,1.2,1.2,30891.22,42776.3,8.7,3.56
31/10/2024,16.6,19.9,14.3,4.1,4.1,31194.02,42756.41,7.4,3.14
1/11/2024,15.6,18.7,13.1,23.1,23.1,15627.07,42736.73,7.6,2.04
2/11/2024,15.6,19.6,13.6,52.3,52.3,18208.32,42717.3,5.3,2.13
3/11/2024,15.4,19.1,12.2,36.1,36.1,22759.06,42698.12,5.4,2.39
4/11/2024,15.5,18.9,13.1,15.8,15.8,23972.98,42679.23,4.9,2.39
5/11/2024,15.5,19.1,13.1,16.9,16.9,33757.63,42660.64,6.5,3.01
6/11/2024,15.6,19,11.5,0,0,39299.75,42642.37,9.8,3.88
7/11/2024,16.2,19.9,11.2,1.1,1.1,39518.56,42624.45,10.2,3.74
8/11/2024,16.1,18.8,13.8,14.6,14.6,21600,42606.89,9.6,2.3
9/11/2024,16,19.6,12.9,1,1,35680.95,42589.52,9.3,3.38
10/11/2024,15.9,20,12.6,1.4,1.4,39667.65,42572.31,7.6,3.96
11/11/2024,16.1,20.2,11.5,3.6,3.6,39470.65,42555.27,9.8,3.65
12/11/2024,16.2,20.3,13.5,2,2,36196.11,42538.41,9,3.21
13/11/2024,16.1,20.2,13.4,11.6,11.6,35664.61,42521.76,6.2,3.14
14/11/2024,16.1,20.1,13.9,7.1,7.1,28106.1,42505.34,5.1,3
15/11/2024,15.7,18.8,13.7,27.3,27.3,23141.69,42489.16,5.4,2.32
16/11/2024,16,20.7,12.8,2.9,2.9,39404.23,42473.25,9.6,3.3
17/11/2024,16.2,21.3,12.7,0.7,0.7,39461.31,42457.63,9.7,3.85
18/11/2024,16,20.5,13.3,2.7,2.7,36000,42442.31,7.8,3.43
19/11/2024,15.7,20.3,12.8,13,13,29752,42427.32,7.7,2.79
20/11/2024,16,19.7,13.7,15.7,15.7,31726.79,42412.68,6.2,2.65
21/11/2024,15.8,18.7,13.7,24.6,24.6,20481.75,42398.41,6,1.97
22/11/2024,16.1,19.4,14.2,18.3,18.3,31519.89,42384.53,5.9,2.83
23/11/2024,15.8,20.1,13.2,1.9,1.9,26485.98,42371.06,9.8,2.84
24/11/2024,15.5,18.2,14.4,15.8,15.8,6059.08,42358.03,10,1.54
25/11/2024,15,15.6,14.3,65.9,65.9,0,42345.45,13,0.57
26/11/2024,15.5,16.3,15.1,86.3,86.3,0,42333.36,15.4,0.68
27/11/2024,15.3,16.1,14.4,62.4,62.4,1719.71,42321.75,17.2,1.06
28/11/2024,14,15.6,12.1,28.2,28.2,1839.95,42310.67,17.8,1.26
29/11/2024,14.9,17.5,13.8,21.5,21.5,8209.49,42299.98,18.1,1.53
30/11/2024,14.5,15.8,13.5,4.6,4.6,10059.94,42289.65,20.8,1.5
1/12/2024,15,18.1,12.8,4.3,4.3,38616.52,42279.69,23.3,3.07
2/12/2024,14.9,18.6,11.9,0,0,39127.72,42270.11,16.8,3.36
3/12/2024,15.7,20.8,11.3,0.2,0.2,32696.17,42260.93,8.9,3.4
4/12/2024,16.6,21.5,13,0.6,0.6,33580.82,42252.15,5.4,3.7
5/12/2024,16.3,20.9,12.9,0.6,0.6,36600.27,42243.79,7,3.84
6/12/2024,15.8,19.7,12.3,0.2,0.2,37905.12,42235.86,7.2,3.04
7/12/2024,15.7,19,12.5,0,0,26429.07,42228.38,8.3,2.51
8/12/2024,15.4,19.4,12.3,0.5,0.5,39545.99,42221.35,8,2.89
9/12/2024,15.3,20.9,11.5,1.7,1.7,36268.68,42214.79,9.1,3.78
10/12/2024,15.9,20.8,12.7,0.4,0.4,39586.05,42208.7,10.2,3.94
11/12/2024,15.7,19.6,13.4,2.5,2.5,39206.59,42203.11,10.3,2.88
12/12/2024,16,21,13.5,6,6,21863.1,42198.03,8,2.29
13/12/2024,15.8,19.4,14.3,8,8,26493.8,42193.45,8.5,2.14
14/12/2024,15.7,19.6,13.1,16.9,16.9,33937.34,42189.4,7.1,2.65
15/12/2024,16,20.6,12.9,0,0,39436.6,42185.9,7.6,3.69
16/12/2024,15,17.3,13.4,22.2,22.2,5314.15,42182.93,9.2,1.04
17/12/2024,16,18.8,14,4.1,4.1,25573.6,42180.54,8.9,2.28
18/12/2024,15.7,19.2,13.6,2.6,2.6,38863.47,42178.71,12.3,2.97
19/12/2024,15.8,19.4,13.2,5.8,5.8,26032.29,42177.43,9.6,2.45
20/12/2024,15.8,19.5,13.4,2.1,2.1,30645.19,42176.69,10.9,2.59
21/12/2024,15.8,19.8,13.5,5,5,26253.47,42176.48,9.5,2.52
22/12/2024,15.6,19.5,13.1,1,1,39232.09,42176.8,13.2,3.45
23/12/2024,15.4,19.4,12.7,0,0,39235.66,42177.63,10,4
24/12/2024,15.1,18.9,12.2,0,0,39173.4,42178.99,13.5,3.91
25/12/2024,15.4,20.1,11.9,0,0,39216.83,42180.86,11.8,4.3
26/12/2024,15.4,20.4,11.3,0,0,39189.98,42183.24,10.3,4.18
27/12/2024,14.9,19.8,10.7,8.6,8.6,25218.69,42186.12,8.5,2.83
28/12/2024,15.4,19.7,11.4,0.5,0.5,36916.98,42189.5,7.7,2.83
29/12/2024,15,19.1,11.2,7.9,7.9,36634.42,42193.37,7.7,2.92
30/12/2024,15.9,20,13.1,6.6,6.6,36462.91,42197.72,7.4,2.82
31/12/2024,16.1,17.8,15,15.5,15.5,25941.93,42202.56,13.4,2
1/01/2025,15.3,16.6,14.6,52.4,52.4,3177.62,42207.87,10.9,1.03
2/01/2025,14.7,16.9,13.2,9.4,9.4,0,42213.65,9.4,1.21
3/01/2025,14.8,19.4,13,5.8,5.8,22511.71,42219.89,9,2.01
4/01/2025,15.1,19.5,12.3,5.5,5.5,20334.87,42226.59,10.3,1.92
5/01/2025,15.6,20.3,12.8,1.2,1.2,35851.63,42233.74,10.7,3.14
6/01/2025,14.8,20.4,11.1,1,1,38005.92,42241.33,9.4,3.42
7/01/2025,15.3,20.3,10.4,0,0,38818.04,42249.37,10.9,3.61
8/01/2025,15.4,20.6,11.2,4.1,4.1,35024.47,42257.93,10.3,3.4
9/01/2025,16.1,19.6,12.3,2.7,2.7,38780.58,42267.05,6.5,2.85
10/01/2025,16.4,19.8,14.4,2.6,2.6,38566.84,42276.7,7.4,3.32
11/01/2025,15.4,18.7,13.8,31.5,31.5,20613.33,42286.86,9.8,1.99
12/01/2025,15.4,17.9,14.3,29.7,29.7,14540.57,42297.51,11.9,1.61
13/01/2025,15.9,19.1,13.8,3.7,3.7,35788.42,42308.63,14.6,2.71
14/01/2025,15.1,16.3,14.5,25.3,25.3,0,42320.21,10.9,0.84
15/01/2025,14.9,16.1,14.3,12,12,0,42332.22,12.3,1.01
16/01/2025,15,17.4,13.8,12.4,12.4,12534.63,42344.64,14.3,1.2
17/01/2025,15,19.1,12,0,0,38863.95,42357.46,12.8,3.4
18/01/2025,15.8,18.3,14.4,25.3,25.3,12744.34,42370.66,9.8,1.74
19/01/2025,14.6,15.4,13.3,58.1,58.1,0,42384.22,13.1,0.54
20/01/2025,15.3,18.9,12.6,2.5,2.5,32400,42398.11,14.8,2.76
21/01/2025,15.6,18.5,14.4,15.7,15.7,19244.34,42412.33,7.1,1.82
22/01/2025,15.2,17.4,13.2,13.3,13.3,2433.24,42426.86,10.5,1.5
23/01/2025,15.7,20.1,13.3,3.5,3.5,34477.4,42441.66,9.7,2.87
24/01/2025,15.4,19.1,13.1,2.2,2.2,24886.94,42456.73,7.4,2.61
25/01/2025,16,20.6,12.9,5,5,31052.54,42472.06,8.6,2.97
26/01/2025,15.7,18.4,13,6.5,6.5,27526.5,42487.62,13.5,2.55
27/01/2025,15,20.3,11.1,0,0,39008.78,42503.4,8.1,4.03
28/01/2025,14.8,19.3,10.9,10.9,10.9,29819.56,42519.55,5.6,2.78
29/01/2025,15.4,18.4,12.6,6.4,6.4,22524.13,42536.13,13,1.88
30/01/2025,16.5,20.1,13.6,4.7,4.7,32944.73,42553.11,11.3,2.81
31/01/2025,15.9,19.8,12.9,1,1,39942.61,42570.46,13.7,3.45
1/02/2025,15.6,20.6,12.3,0,0,39054.21,42588.16,8.9,4
2/02/2025,14.8,19.9,11.1,0,0,40080.44,42606.18,10.2,4.36
3/02/2025,15.1,20.9,10.8,0.1,0.1,39564.6,42624.52,5.2,4.33
4/02/2025,15.2,20.8,9.4,0.1,0.1,38963.09,42643.13,8.2,4.37
5/02/2025,14.8,20.6,10.4,1.2,1.2,39783.68,42662.01,7.9,3.45
6/02/2025,15.4,21,11.3,0,0,40100.8,42681.13,7.9,4.16
7/02/2025,14.9,20.5,10.3,0.8,0.8,39082.16,42700.47,7.4,4.27
8/02/2025,13.8,19.3,9.9,0,0,40124.47,42720.01,11.4,4.1
9/02/2025,13.2,18.5,9.5,0,0,40136.98,42739.72,12.8,3.93
10/02/2025,14.9,22.3,9.3,3.4,3.4,38689.31,42759.59,7.2,4.28
11/02/2025,15.6,20.9,11.3,1.1,1.1,38668.48,42779.6,4.4,3.83
12/02/2025,16,21.5,11.3,0,0,40309.54,42799.73,7.5,4.4
13/02/2025,15.4,22,10.4,0,0,40333.05,42819.95,6.5,4.97
14/02/2025,15.3,21.5,10.6,0,0,40356.56,42840.25,7.9,5.04
15/02/2025,15.2,21.2,9.5,0,0,39797.43,42860.61,7.6,4.62
16/02/2025,15.8,21.8,10.7,0,0,40403.48,42881.02,6.7,4.83
17/02/2025,15.7,22.2,11.1,3.1,3.1,39933.57,42901.64,7.5,4.39
18/02/2025,15.6,20.8,11.1,3,3,40269.88,42922.54,9.4,4.11
19/02/2025,15.6,22.3,10.2,0.6,0.6,40474.59,42943.68,8.6,4.68
20/02/2025,15.5,22,9.8,0.6,0.6,40498.7,42965.05,8.1,4.8
21/02/2025,15.4,22,9.3,0.1,0.1,40522.95,42986.63,7.8,4.96
22/02/2025,15.3,21.6,10.4,0.5,0.5,40547.34,43008.4,7,4.72
23/02/2025,15.1,21.2,10.4,0,0,40571.86,43030.34,10.3,4.91
24/02/2025,15.4,21,10.4,2.8,2.8,40596.45,43052.43,10.3,4.26
25/02/2025,16.4,21.1,13,1.1,1.1,39764.14,43074.65,7.6,3.78
26/02/2025,16.3,19.5,14.3,5.4,5.4,39249.49,43096.99,14.5,2.88
27/02/2025,16.1,19.2,14.9,9,9,26360.46,43119.43,14.3,2.36
28/02/2025,16.1,18.2,14.8,11.4,11.4,24694.57,43141.95,13.7,2.33
1/03/2025,16.6,20.5,14.3,6,6,21507.53,43164.52,11,2.54
2/03/2025,16,20,13.2,3.6,3.6,30880.68,43187.14,9.1,3.09
3/03/2025,15.9,19.8,12.8,1.8,1.8,27614.37,43209.79,12.6,3.26
4/03/2025,16.1,20.4,13,0,0,35309.23,43232.44,15.1,4.16
5/03/2025,16.2,21.4,12.4,0,0,40486.58,43255.07,9.6,4.95
6/03/2025,15.5,21.2,10.7,0,0,40842.22,43277.69,11.4,5.17
7/03/2025,15.4,21.2,10.8,0,0,40866.35,43300.26,10.4,5.31
8/03/2025,14.9,19.9,10.8,0,0,40890.23,43322.78,13,5
9/03/2025,15.4,21.8,10.4,0,0,40913.91,43345.4,8.9,5.08
10/03/2025,15.5,19.4,11.5,5.9,5.9,24343.42,43368.17,11.4,2.22
11/03/2025,16.3,18.3,15.4,8.8,8.8,5206.21,43391.08,9.5,1.73
12/03/2025,16.2,21.5,12.4,7.6,7.6,40343.18,43414.12,12.2,4.22
13/03/2025,15.9,20.7,11.9,2.6,2.6,40158.4,43437.26,6,4.25
14/03/2025,16.6,22.5,12.3,0.3,0.3,41033.08,43460.5,9.5,4.72
15/03/2025,16.1,21.4,12.3,2.3,2.3,39475.27,43483.81,6.2,4.26
16/03/2025,15.2,18.1,12.9,4.4,4.4,7657.15,43507.18,6.6,1.81
17/03/2025,15.9,20.9,12.9,0.7,0.7,39747.05,43530.59,6.7,3.31
18/03/2025,16.9,22.4,13.1,0.7,0.7,36282.68,43554.04,6.1,4.52
19/03/2025,15.8,20,12.6,3,3,36367.66,43577.49,8,3.34
20/03/2025,16.3,21.7,12.4,3.1,3.1,39629.93,43600.95,10.8,4.21
21/03/2025,16.9,22,13.2,1.1,1.1,40913.6,43624.38,9.7,4.52
22/03/2025,16,20.9,12.8,3.7,3.7,38273.49,43647.79,7.6,3.57
23/03/2025,16.6,22.4,12,0.6,0.6,41066.78,43671.14,7.8,4.78
24/03/2025,16.9,22.4,13.3,0.8,0.8,41065.05,43694.43,6.9,4.71
25/03/2025,16.4,21.1,13.1,1.8,1.8,34980.46,43717.63,7.3,3.71
26/03/2025,15.8,20.6,12.6,5.3,5.3,30260.04,43740.74,7.4,3.24
27/03/2025,15.9,20.6,12.8,3.2,3.2,31490.85,43763.73,9.3,3.55
28/03/2025,16.3,21.2,12.6,0.3,0.3,38645.22,43786.59,13.2,3.89
29/03/2025,16.1,21.9,11.9,2.2,2.2,40441.65,43809.48,9.1,4.34
30/03/2025,16.4,22.3,11.4,0.1,0.1,40441.44,43832.45,8.7,4.68
31/03/2025,16.1,21.4,12.2,3.6,3.6,40032.45,43855.47,11.8,3.98
1/04/2025,16.4,20.2,14.7,13.1,13.1,25560.32,43878.53,5.2,2.9
2/04/2025,16.2,20.5,13.4,12.5,12.5,29115.64,43901.62,5.1,3.06
3/04/2025,15.8,19.6,13.4,22.4,22.4,28420.42,43924.72,6.5,2.91
4/04/2025,15.6,19.5,13.4,25.7,25.7,25804.71,43947.82,6.3,2.69
5/04/2025,15.8,20.1,13.4,14.8,14.8,16520.32,43970.9,7.9,2.45
6/04/2025,16.2,21.2,13.3,2.8,2.8,23128.77,43993.95,9.2,3.03
7/04/2025,16.7,21.4,14.3,2.2,2.2,32400,44016.94,9.3,3.8
8/04/2025,16.6,20.7,14.1,0.9,0.9,34837.13,44039.87,10.4,3.69
9/04/2025,16.5,20,13.9,3.5,3.5,34358.09,44062.72,9.1,3.34
10/04/2025,15.4,18.4,14,8.5,8.5,24702.83,44085.47,13.5,2.22
11/04/2025,15.3,18.8,13.6,5,5,15772.54,44108.1,14.9,1.93
12/04/2025,16,20.3,13.5,2,2,40638.61,44130.61,16.4,3.52
13/04/2025,16.4,20.6,13.2,3.4,3.4,40936.59,44152.96,7.7,3.66
14/04/2025,16.1,20.8,13.2,4,4,29146.02,44175.14,8,3.15
15/04/2025,16.4,21.2,13.4,3.5,3.5,30959.39,44197.14,5.9,3.49
16/04/2025,16.3,21,13.1,3.4,3.4,36344.77,44218.95,8.7,3.57
17/04/2025,16.4,20.7,12.9,2.7,2.7,39282.94,44240.53,7.7,3.89
18/04/2025,16.4,19.9,13.7,3,3,31956.61,44262.05,7.2,3.05
19/04/2025,16.4,20.7,13.4,2.5,2.5,30484.44,44283.54,7.6,3.18
20/04/2025,16.7,21.5,13.6,1.9,1.9,36305.44,44305,7.6,3.63
21/04/2025,16.1,20.8,13.6,18.1,18.1,30081.57,44326.39,6.1,2.77
22/04/2025,15.9,20.2,13.4,7,7,25601.4,44347.72,7.2,2.67
23/04/2025,16,20,13,6,6,31406.12,44368.96,8.2,3.01
24/04/2025,16.6,20.9,14,2.1,2.1,33621.25,44390.08,7.1,3.45
25/04/2025,16.4,19.9,14.2,6,6,28954.1,44411.09,4.9,2.95
26/04/2025,16.6,20.1,14.3,6.9,6.9,36268.88,44431.96,4.9,3.31
27/04/2025,16.1,19.7,14.2,14.7,14.7,25825.02,44452.67,7,2.68
28/04/2025,16.5,21.1,13.9,21.7,21.7,22412.03,44473.2,5.5,2.83
29/04/2025,16.5,21.1,14,9.2,9.2,18000,44493.54,7.6,2.54
30/04/2025,16.3,19.8,14.3,8,8,22213.16,44513.66,7.8,2.43
1/05/2025,17.3,20.4,14.4,1.1,1.1,36830.25,44533.55,4.7,3.33
2/05/2025,16.5,20.2,14.2,15.8,15.8,27259.79,44553.2,7,2.84
3/05/2025,16.5,20.9,13.5,2.4,2.4,33261.64,44572.57,5.2,3.3
4/05/2025,17,21.4,13.7,1,1,36613.23,44591.65,7.9,3.68
5/05/2025,17.7,23.2,13.8,1.3,1.3,40036.05,44610.42,9.2,4.66
6/05/2025,17.1,21.4,14.6,1.6,1.6,25970.84,44628.86,8.1,3.32
7/05/2025,16.4,20.5,14,2.1,2.1,23454.95,44646.95,9,2.84
8/05/2025,16.5,20.7,13.8,5,5,35345.15,44664.84,10.4,3.68
9/05/2025,17.7,22.2,15,0.4,0.4,39600,44682.55,8.9,4.33
10/05/2025,17.2,21.8,14.2,1.3,1.3,39858.55,44700.07,8.6,3.84
11/05/2025,16.9,20.9,13.7,0.7,0.7,39600,44717.38,10.8,4.02
12/05/2025,16.2,20.5,12.5,0.6,0.6,40461.02,44734.47,11.6,3.89
13/05/2025,17,21.5,14,0.4,0.4,37551.08,44751.32,12,3.85
14/05/2025,17.2,21.1,15.3,3.3,3.3,36055.02,44767.93,12.1,3.6
15/05/2025,17.2,20.7,14.6,1.3,1.3,35701.58,44784.25,10.7,3.42
16/05/2025,16.3,19.7,14.4,1.1,1.1,25305.35,44800.3,17.9,3.03
17/05/2025,15.7,18.1,14.3,2.8,2.8,3892.59,44816.03,12.4,1.82
18/05/2025,16.1,18.9,15,8.1,8.1,32015.48,44831.44,16.6,2.62
19/05/2025,16.3,18.4,15.4,13.2,13.2,22498.27,44846.51,20.7,2.31
20/05/2025,15.7,18.1,14,7.9,7.9,22753.09,44861.22,27.4,2.03
21/05/2025,15.8,17.2,15,8.8,8.8,1600.61,44875.55,19,1.36
22/05/2025,16.7,19.4,14.9,1.6,1.6,37803.57,44889.5,15.1,2.69
23/05/2025,17.2,21,15.4,1.3,1.3,36675.16,44903.02,15.5,3.57
24/05/2025,15.9,17.2,15,6.9,6.9,22038.61,44916.11,22.1,1.94
25/05/2025,16,18.9,15,5.8,5.8,5289.07,44928.75,28.9,1.58
26/05/2025,15.7,16.8,14.9,16.8,16.8,30996.81,44940.91,31.1,1.87
27/05/2025,15.5,16.3,14.8,20.7,20.7,5198.23,44952.6,34.4,0.95
28/05/2025,15.4,16.6,14.7,16.8,16.8,25200,44963.89,35.5,1.59
29/05/2025,15.3,16.5,14.6,21.1,21.1,33909.84,44974.82,35.4,1.46
30/05/2025,15.8,16.8,15.3,41,41,1290.61,44985.37,37,0.91
31/05/2025,15.7,17.4,15,33.6,33.6,7570.71,44995.54,37,1.27
1/06/2025,16.2,19.4,14.9,10.2,10.2,28715.94,45005.3,24.4,2.71
2/06/2025,16.5,20.7,13.3,1.6,1.6,37768.21,45014.67,14.6,3.62
3/06/2025,15.8,19.2,13.3,2.6,2.6,38651.06,45023.62,17.6,3.09
4/06/2025,16.2,19.7,14.1,2.1,2.1,39730.59,45032.15,15.5,3.31
5/06/2025,16.7,21.4,13.7,2.8,2.8,33830.93,45040.24,9.4,3.62
6/06/2025,16.3,20.5,13.4,0.1,0.1,40062.3,45047.88,10.9,3.62
7/06/2025,15.4,19.3,13,0.4,0.4,41074.95,45055.07,16.5,3.43
8/06/2025,15.4,19.4,12.7,0,0,41204.94,45061.79,15.3,3.72
9/06/2025,15.4,18.7,13.6,2.8,2.8,39755.71,45068.03,24.8,3.03
10/06/2025,15.6,18.2,14.5,16.2,16.2,26169.8,45073.8,23.8,2.16
11/06/2025,15.3,16.5,14.8,37.6,37.6,3961.53,45079.06,26.5,1.29
12/06/2025,15.1,16.1,14.3,23.8,23.8,11020.76,45083.82,23.8,1.28
13/06/2025,15.3,16.2,14.6,23.9,23.9,12743.28,45088.07,29.3,1.51
14/06/2025,15.5,17.8,14.5,41.6,41.6,15886.39,45091.79,24.4,1.73
15/06/2025,15,16.8,13.3,42.7,42.7,6634.27,45094.99,19.6,1.39
16/06/2025,15,17.4,14,12.2,12.2,15468,45097.64,26.4,1.75
17/06/2025,14.8,15.9,14.1,4.8,4.8,0,45099.77,21.4,1.17
18/06/2025,15.7,18.9,13.9,1.9,1.9,28506.54,45101.39,18.7,2.72
19/06/2025,15.9,18.5,13.9,4.3,4.3,30489.13,45102.49,16,2.69
20/06/2025,15.3,17.3,13.9,6.4,6.4,31909.15,45103.08,17.4,2.28
21/06/2025,15.6,18.7,14.4,6.5,6.5,28800,45103.17,16.3,2.79
22/06/2025,15.3,18.3,14.1,7.8,7.8,32125.69,45102.75,17.8,2.54
23/06/2025,15.1,16.7,14.3,9.5,9.5,19794.34,45101.84,21.9,1.92
24/06/2025,15.1,17.3,14.1,5.9,5.9,24624.24,45100.43,19.9,2.13
25/06/2025,15,16.7,14,8.3,8.3,35752.3,45098.53,22,2.49
26/06/2025,15.6,18.8,14.2,6,6,40251.43,45096.14,17.5,2.88
27/06/2025,15.7,19.1,13.8,3.5,3.5,40033.43,45093.26,16.6,3.03
28/06/2025,15.8,18.4,13.9,4.3,4.3,28012.96,45089.91,14.9,2.52
29/06/2025,15.2,17.7,13.5,3.1,3.1,29841.39,45086.09,18.2,2.1
30/06/2025,15.5,19.6,13.4,0,0,38076.97,45081.78,18.4,3.44
1/07/2025,15.3,19.1,13.3,3,3,37779.28,45077.02,22.3,3.07
2/07/2025,15.5,18.7,13.9,4.1,4.1,40855,45071.79,22.2,3.04
3/07/2025,15.5,18.8,12.6,3.8,3.8,39625.52,45066.11,15.1,3.27
4/07/2025,15.6,19,12.9,0.5,0.5,40764.85,45059.98,25.4,3.51
5/07/2025,15.7,19.2,13.8,1.2,1.2,41629.5,45053.4,21.8,3.23
6/07/2025,15.1,17.3,13.8,8.6,8.6,34531.73,45046.38,21.4,2.53
7/07/2025,15.7,18.9,14.2,1.5,1.5,40512.7,45038.84,25,3.11
8/07/2025,15.8,19.2,14.2,3.6,3.6,36914.55,45030.79,24.5,3.11
9/07/2025,15.9,19.7,13.9,3.2,3.2,38532.19,45022.22,16.2,3.38
10/07/2025,16.9,21.3,14.4,3,3,36474.21,45013.17,7.5,3.59
11/07/2025,16.1,19.6,14.1,2.6,2.6,31474.42,45003.63,16,2.76
12/07/2025,15,16.3,14.3,11.6,11.6,33035.5,44993.64,21.6,2.14
13/07/2025,15.4,18.9,13.8,4.7,4.7,30601.6,44983.2,20,2.77
14/07/2025,14.9,17,13.9,9.7,9.7,34874.73,44972.33,26.5,2.29
15/07/2025,14.9,16.9,13.8,10.1,10.1,24179.96,44961.04,23.4,2.04
16/07/2025,15.4,17.9,14.4,20.3,20.3,23114.32,44949.36,19.2,2.3
17/07/2025,14.5,16.1,13.4,12.7,12.7,14492.56,44937.29,27.6,1.56
18/07/2025,14.7,15.4,13.9,25.4,25.4,8365.96,44924.85,24.9,1.36
19/07/2025,14.7,15.3,14,71.8,71.8,659.21,44912.05,34.6,0.75
20/07/2025,14.7,15.5,14.4,85.2,85.2,0,44898.93,30.3,0.77
21/07/2025,15,15.9,14.5,57.1,57.1,1709.6,44885.47,22.8,1.08
22/07/2025,15.1,16.6,14,22,22,9491.91,44871.71,24.9,1.46
23/07/2025,14.7,16.1,13.7,23.7,23.7,26491.86,44857.65,23.7,1.8
24/07/2025,14.6,16.4,13.3,26.9,26.9,27918.14,44843.31,27.3,1.99
25/07/2025,14.5,16.9,13.1,12.4,12.4,30259.6,44828.71,31.6,2.02
26/07/2025,14.5,15.6,13.4,51.3,51.3,555.73,44813.85,21.4,0.95
27/07/2025,14.8,17.8,13,4,4,32587.93,44798.61,21.8,2.43
28/07/2025,16,20.1,12.9,0,0,41726.93,44782.97,13.4,4.21
29/07/2025,16.5,20.8,12.9,0.2,0.2,41718.45,44766.95,13.5,3.92
30/07/2025,17,21.1,13.3,1.7,1.7,40612.15,44750.55,8.5,3.87
31/07/2025,15.9,19,13.6,2.4,2.4,38188.27,44733.81,12.6,2.98
1/08/2025,16.4,20.2,14,2.3,2.3,28000.13,44716.75,5.8,2.89
2/08/2025,16.2,19.6,14.3,4.6,4.6,25208.99,44699.37,8.9,2.61
3/08/2025,15,17.8,13.6,8.4,8.4,5261.83,44681.71,16.7,1.51
4/08/2025,15.5,18.8,13,1.3,1.3,41163.02,44663.78,16,3.29
5/08/2025,15.5,18.7,13.7,4.2,4.2,25429.31,44645.6,14.1,2.52
6/08/2025,15.2,19.4,12.9,0.7,0.7,34651.22,44627.18,18.5,3.1
7/08/2025,15.3,19.2,13.5,3.8,3.8,18569.74,44608.55,16.9,2.67
